draft,lesson,block,timestamp,source,translation,score,verdict,corrected,issues
Draft 1,L1S1,1,"00:00:11,910 --> 00:00:15,350","Welcome, you guys, to our IELTS Intermediate Listening Course.",歡迎大家來到我們的 IELTS 中級聽力課程,100,ok,,
Draft 1,L1S1,2,"00:00:15,810 --> 00:00:19,330","My name is Brandon, and I'll be your instructor for this course.",我的名字是 Brandon，我將會是您這門課程的講師。,100,ok,,
Draft 1,L1S1,3,"00:00:20,150 --> 00:00:24,470","Bruce Lee famously said, I fear not the man who has practiced",李小龍有句名言：「我不怕練過,87,minor_issues,,[low] style: None
Draft 1,L1S1,4,"00:00:24,470 --> 00:00:30,210","10,000 kicks once, but I fear the man who has practiced one kick 10,000 times.",一萬種踢法，但我怕的是把一種踢法練了一萬次的人。」,42,needs_revision,,[high] placeholder: None; [low] style: None
Draft 1,L1S1,5,"00:00:30,910 --> 00:00:36,510","His saying about practicing 10,000 kicks emphasizes the importance of deep",他關於練習一萬次踢法的說法，強調了深入,45,needs_revision,,[high] placeholder: None
Draft 1,L1S1,6,"00:00:36,510 --> 00:00:41,990","practice and repetition, rather than mindlessly going through a large number of techniques.",練習與重複，而不是盲目地學習大量的技巧。,100,ok,,
Draft 1,L1S1,7,"00:00:42,710 --> 00:00:46,630",And this is also true in developing your IELTS listening skills.,這也同樣適用於培養您的 IELTS 聽力技巧,77,minor_issues,,[low] style: None; [medium] terminology: None
Draft 1,L1S1,8,"00:00:47,570 --> 00:00:52,510",It's more important to practice and analyze a single listening test multiple,與其匆忙地做許多測驗，不如多次練習,77,minor_issues,,[medium] terminology: None; [low] style: None
Draft 1,L1S1,9,"00:00:52,510 --> 00:00:55,830","times, rather than rushing through many tests.",和分析單一聽力測驗。,87,minor_issues,,[low] style: None
Draft 1,L1S1,10,"00:00:56,490 --> 00:00:59,270",We'll apply this learning method throughout our course.,我們將在整個課程中應用這種學習方法。,80,minor_issues,,[medium] terminology: None
Draft 1,L1S1,11,"00:00:59,270 --> 00:01:00,490",Let's go.,我們開始吧。,100,ok,,
Draft 1,L1S1,12,"00:01:04,940 --> 00:01:08,780","In the previous course, you learned important skills for the listening test.",在之前的課程中，您學習了聽力測驗的重要技巧。,87,minor_issues,,[low] style: None
Draft 1,L1S1,13,"00:01:09,420 --> 00:01:14,280","And in this course, we'll focus on practicing thoroughly to master those",而在此課程中，我們將著重於徹底練習,77,minor_issues,,[medium] terminology: None; [low] style: None
Draft 1,L1S1,14,"00:01:14,280 --> 00:01:18,980","skills, and also mastering the strategies for different types of questions.",以掌握這些技巧，並掌握不同題型的策略,70,minor_issues,,[medium] terminology: None; [medium] terminology: None
Draft 1,L1S1,15,"00:01:19,660 --> 00:01:24,300","Eager to pick up some useful knowledge to ace the IELTS listening test, aren't you?",是不是很想學習一些實用的知識，讓您在 IELTS 聽力測驗中考高分呢？,70,minor_issues,,[medium] terminology: None; [medium] terminology: None
Draft 1,L1S1,16,"00:01:24,640 --> 00:01:29,180","But wait, before you jump into taking the exam, let's make sure",不過，在您急著參加考試之前，讓我們確保我們,87,minor_issues,,[low] style: None
Draft 1,L1S1,17,"00:01:29,180 --> 00:01:34,640",we're well prepared and clear up common misunderstandings about the IELTS listening test.,已充分準備好，並釐清關於 IELTS 聽力測驗的常見誤解。,80,minor_issues,,[medium] terminology: None
Draft 1,L1S1,18,"00:01:35,200 --> 00:01:37,420","Let's see what those are, shall we?",讓我們來看看這些是什麼，好嗎？,100,ok,,
Draft 1,L1S1,19,"00:01:38,580 --> 00:01:42,040","First, there are two ways you can choose to take the IELTS",首先，您可以選擇兩種方式參加 IELTS 測驗，分別是 I,87,minor_issues,,[low] style: None
Draft 1,L1S1,20,"00:01:42,040 --> 00:01:45,680","test, IELTS on paper and IELTS on computer.",ELTS 紙筆測驗和 IELTS 電腦測驗,87,minor_issues,,[low] style: None
Draft 1,L1S1,21,"00:01:46,380 --> 00:01:49,940","For paper-based IELTS, the test lasts for a total of 40",針對紙筆測驗的 IELTS，測驗總長為,45,needs_revision,,[high] placeholder: None
Draft 1,L1S1,22,"00:01:49,940 --> 00:01:56,560","minutes, in which 30 minutes are of listening to the test and 10 minutes of transfer time.",40 分鐘，其中 30 分鐘為聽力測驗，另外 10 分鐘為謄寫時間,100,ok,,
Draft 1,L1S1,23,"00:01:57,280 --> 00:02:01,520","However, for computer-based IELTS, the candidate does not have an extra",不過，針對電腦測驗的 IELTS，考生沒有額外的,100,ok,,
Draft 1,L1S1,24,"00:02:01,520 --> 00:02:07,900","10 minutes for transfer time, but enters answers directly on the screen while listening to the test.",10 分鐘謄寫時間，而是直接在聽測驗時於螢幕上輸入答案,70,minor_issues,,[medium] terminology: None; [medium] terminology: None; [low] style: None
Draft 1,L1S1,25,"00:02:08,400 --> 00:02:10,620",The IELTS listening has four parts.,IELTS 聽力測驗有四個部分。,100,ok,,
Draft 1,L1S1,26,"00:02:11,480 --> 00:02:16,920","Part 1, such as conversations between a hotel receptionist and a customer, etc.",第一部分，例如飯店接待員與顧客之間的對話等等。,32,needs_revision,,[low] style: None; [medium] terminology: None; [high] placeholder: None
Draft 1,L1S1,27,"00:02:17,440 --> 00:02:20,480","Part 2, a talk by one person, also known as a monologue,",第二部分，由一人發表的談話，也稱為獨白，,32,needs_revision,,[low] style: None; [medium] terminology: None; [high] placeholder: None
Draft 1,L1S1,28,"00:02:20,920 --> 00:02:27,500","set in an everyday social context, such as a speech about a local family, etc.",內容設定在日常社交情境中，例如關於當地家庭的演講等等。,80,minor_issues,,[medium] terminology: None
Draft 1,L1S1,29,"00:02:28,340 --> 00:02:35,280","Part 3, a conversation between two or four people, set in an educational or training context.",第三部分，兩人或四人之間的對話，內容設定在教育或訓練情境中,42,needs_revision,,[low] style: None; [high] placeholder: None
Draft 1,L1S1,30,"00:02:36,020 --> 00:02:40,240","Part 4, a talk by one person, also known as a monologue,",第四部分，由一人發表的談話，也稱為獨白，,30,needs_revision,,[low] style: None; [medium] terminology: None; [high] placeholder: None; [low] style: None
Draft 1,L1S1,31,"00:02:40,600 --> 00:02:45,840","on an academic subject, for example a university lecture, etc.",學術主題，例如大學講座等,35,needs_revision,,[medium] terminology: None; [high] meaning_drift: None
Draft 1,L1S1,32,"00:02:46,480 --> 00:02:49,680",You'll take the first three parts of the test in the following,您將依序進行測驗的前三個部分：聽,87,minor_issues,,[low] style: None
Draft 1,L1S1,33,"00:02:49,680 --> 00:02:55,820","order, listening, reading and writing, and then there are no breaks between those tests.",力、閱讀和寫作，而且這些測驗之間沒有休息時間。,30,needs_revision,聽力、閱讀和寫作，而且這些測驗之間沒有休息時間。,[low] style: None; [low] style: None; [medium] terminology: None; [high] meaning_drift: None
Draft 1,L1S1,34,"00:02:56,760 --> 00:02:59,520",Candidates will have time to read the questions before listening.,考生將有時間在聽力測驗之前閱讀題目,77,minor_issues,,[low] style: None; [medium] terminology: None
Draft 1,L1S1,35,"00:03:00,340 --> 00:03:06,140",Try to use this time wisely to read the questions and underlying keywords before listening.,並善用這段時間在聽力測驗前閱讀題目和關鍵字。,77,minor_issues,,[medium] terminology: None; [low] style: None
Draft 1,L1S1,36,"00:03:06,840 --> 00:03:12,960","Candidates will only hear each recording once only, so try to stay focused while listening.",考生每段錄音只會播放一次，因此請務必專心聆聽。,70,minor_issues,考生每段錄音只會聽到一次，因此請務必專心聆聽。,[medium] terminology: None; [medium] terminology: None; [low] style: None
Draft 1,L1S1,37,"00:03:14,240 --> 00:03:19,380","IELTS is an international test, so you might hear a range of different accents,",IELTS 是國際測驗，因此您可能會聽到各種不同的口音，包含 British Englis,45,needs_revision,,[high] meaning_drift: None
Draft 1,L1S1,38,"00:03:19,380 --> 00:03:24,460","including British English, American English, Australian English, etc.",h、American English、Australian English 等,87,minor_issues,,[low] style: None
Draft 1,L1S1,39,"00:03:25,380 --> 00:03:30,780","Candidates won't be provided with paper for note-taking, so you can note directly on the test paper.",考生不會拿到筆記用紙，因此您可以直接在試卷上做筆記。,70,minor_issues,,[medium] terminology: None; [medium] terminology: None
Draft 1,L1S1,40,"00:03:31,680 --> 00:03:36,380",There are no rules stating whether you should write your answers in capital or smaller letters.,沒有規定您應該用大寫或小寫字母來書寫答案,70,minor_issues,,[medium] terminology: None; [medium] terminology: None
Draft 1,L1S1,41,"00:03:36,900 --> 00:03:41,580","However, I recommend writing your answers in capital letters to ensure clarity",不過，我會建議您將答案寫成大寫，以確保閱,77,minor_issues,不過，我會建議您將答案寫成大寫，以確保清楚,[medium] terminology: None; [low] style: None
Draft 1,L1S1,42,"00:03:41,580 --> 00:03:46,180",for the examiner and reduce the chances of misinterpretation.,卷者清楚明瞭，並降低誤判的可能性,84,minor_issues,,[low] style: None; [low] style: None
Draft 1,L1S1,43,"00:03:46,600 --> 00:03:52,740","To achieve a Band 6 in IELTS Listening, you'll have to answer 23 to 25 questions correctly.",為了在 IELTS Listening 達到 Band 6，您必須答對 23 到 25 題,70,minor_issues,為了在 IELTS 聽力 達到 Band 6，您必須答對 23 到 25 題,[medium] terminology: None; [medium] terminology: None; [medium] terminology: None
Draft 1,L1S1,44,"00:03:53,380 --> 00:03:55,840",Are you clear about IELTS Listening tests now?,您現在對 IELTS Listening 測驗清楚了嗎？,100,ok,,
Draft 1,L1S1,45,"00:03:56,380 --> 00:04:00,600","Before continuing this course, make sure you've got the hang of the",在繼續本課程之前，請確保您已經掌握了,84,minor_issues,,[low] style: None; [low] style: None
Draft 1,L1S1,46,"00:04:00,600 --> 00:04:05,220","listening skills that we learned in the previous course, including keyword",我們在之前的課程中學到的聽力技巧，包括 keyword identification、prediction bas,84,minor_issues,,[low] style: None; [low] style: None
Draft 1,L1S1,47,"00:04:05,220 --> 00:04:10,680","identification, prediction based on vocabulary groups, prediction based on",ed on vocabulary groups、prediction based on grammatical c,87,minor_issues,,[low] style: None
Draft 1,L1S1,48,"00:04:10,680 --> 00:04:15,820","grammatical clues, note-taking key information, and signposting language.",lues、note-taking key information，以及 signposting language,70,minor_issues,grammatical clues、note-taking key information，以及 signposting language,[medium] terminology: None; [medium] terminology: None; [medium] terminology: None; [low] style: None
Draft 1,L1S1,49,"00:04:20,510 --> 00:04:23,240","So we know the rules, but what is the target?",那麼我們知道規則了，但是目標是什麼？,100,ok,,
Draft 1,L1S1,50,"00:04:24,040 --> 00:04:25,380",Look at the table on the left.,請看左側的表格。,100,ok,,
Draft 1,L1S1,51,"00:04:25,780 --> 00:04:30,020","Note that this table is for reference only, as scores can vary slightly.",請注意，這份表格僅供參考，因為分數可能會有些許差異。,80,minor_issues,,[medium] terminology: None
Draft 1,L1S1,52,"00:04:30,840 --> 00:04:39,160","But generally, to achieve a Band 6.0 in IELTS Listening, you need to answer at least 23 questions correctly out of 40.",不過一般而言，若想在雅思聽力中達到6.0分，您需要40題中至少答對23題,70,minor_issues,,[medium] terminology: None; [medium] terminology: None; [medium] terminology: None; [medium] terminology: None
Draft 1,L1S1,53,"00:04:39,960 --> 00:04:42,280","Keep that number in your head, 23.",記住這個數字，23,45,needs_revision,記住這個數位，23,[high] terminology: None
Draft 1,L1S1,54,"00:04:43,040 --> 00:04:45,600",So how do we get to 23 correct answers?,那麼我們該如何答對23題呢？,80,minor_issues,,[medium] terminology: None
Draft 1,L1S1,55,"00:04:46,360 --> 00:04:48,300",You don't need to be perfect everywhere.,您不需要面面俱到,100,ok,,
Draft 1,L1S1,56,"00:04:48,960 --> 00:04:55,860","The strategy is to maximize your score in Sections 1 and 2, which are generally easier social contexts.",策略是盡量提高您在第一部分和第二部分的分數，這通常是比較簡單的社交情境,45,needs_revision,,[high] placeholder: None
Draft 1,L1S1,57,"00:04:56,700 --> 00:05:01,440",Then you fight to pick up the remaining necessary points in Sections 3 and 4.,然後您再努力在第三部分和第四部分取得其餘所需的分數。,42,needs_revision,,[low] style: None; [high] placeholder: None
Draft 1,L1S1,58,"00:05:02,400 --> 00:05:08,080","For example, you aim for 8 points in Part 1, 7 points in Part 2,",例如，您在第一部分目標是 8 分，第二部分 7 分,35,needs_revision,,[medium] terminology: None; [high] placeholder: None
Draft 1,L1S1,59,"00:05:08,080 --> 00:05:13,060",and then scrape together 8 to 9 points combined from Parts 3 and 4.,，然後從第三部分和第四部分合計取得 8 到 9 分。,42,needs_revision,,[low] style: None; [high] placeholder: None
Draft 1,L1S1,60,"00:05:13,750 --> 00:05:16,560",That gives you a total of 23 to 24.,這樣您就能總共得到 23 到 24 分,100,ok,,
Draft 1,L1S1,61,"00:05:17,620 --> 00:05:20,040","However, this is where the challenge begins.",然而，挑戰從這裡才真正開始。,87,minor_issues,,[low] style: None
Draft 1,L1S1,62,"00:05:20,660 --> 00:05:23,780","In Section 3, you enter an educational conversation.",在第三節，您會進入一段學術對話,32,needs_revision,在第三節，您會進入一段教學對話,[medium] terminology: None; [high] placeholder: None; [low] terminology: None
Draft 1,L1S1,63,"00:05:24,640 --> 00:05:28,380","This is usually a discussion between two to three people about schoolwork,",，通常是兩到三人討論學校作業，例如規,87,minor_issues,,[low] style: None
Draft 1,L1S1,64,"00:05:28,900 --> 00:05:31,840",like planning a project or discussing a thesis with a tutor.,劃專案或與指導老師討論論文。,100,ok,,
Draft 1,L1S1,65,"00:05:32,660 --> 00:05:34,640","In Section 4, it gets harder.",在第四節，難度會更高。,45,needs_revision,,[high] placeholder: None
Draft 1,L1S1,66,"00:05:35,240 --> 00:05:36,740",You face an academic lecture.,您會遇到學術講座,100,ok,,
Draft 1,L1S1,67,"00:05:37,360 --> 00:05:44,280","This is a monologue where one person talks nonstop about a specific subject, like biology or history.",這是一段獨白，一個人不停地講述關於特定主題，像是生物學或歷史。,80,minor_issues,,[medium] terminology: None
Draft 1,L1S1,68,"00:05:45,180 --> 00:05:52,140",These sections often feature unfamiliar topics and complex vocabulary that you might not use in daily life.,這些部分經常包含不熟悉的主題，以及您在日常生活中可能不會用到的複雜詞彙,100,ok,,
Draft 1,L1S1,69,"00:05:53,420 --> 00:05:58,560","This course will give you the techniques and task awareness, basically the map to the treasure.",本課程將提供您技巧和任務意識，基本上就是尋寶圖,80,minor_issues,,[medium] terminology: None
Draft 1,L1S1,70,"00:05:59,220 --> 00:06:02,840",But learning English requires exposure from many different angles.,不過學習英文需要從許多不同的角度來接觸,100,ok,,
Draft 1,L1S1,71,"00:06:02,840 --> 00:06:08,220","You cannot rely on techniques alone, but also on the topic-specific vocabulary.",不能只依賴技巧，還要靠特定主題的詞彙,100,ok,,
Draft 1,L1S1,72,"00:06:09,100 --> 00:06:12,860","For example, you might know all the question types and understand the",例如，您可能知道所有題型並了解必要的技,32,needs_revision,例如，您可能知道所有題型並瞭解必要的技,[high] terminology: None; [medium] terminology: None; [low] style: None
Draft 1,L1S1,73,"00:06:12,860 --> 00:06:16,540","necessary techniques, but what if Part 4 discusses the universe?",巧，但如果第四部分討論的是宇宙呢？,30,needs_revision,技巧，但如果第四部分討論的是宇宙呢？,[medium] terminology: None; [high] placeholder: None; [high] meaning_drift: None
Draft 1,L1S1,74,"00:06:17,420 --> 00:06:22,860","If you don't know words like satellite or comets, techniques won't help you understand the content.",如果您不知道像『satellite』或『comets』這樣的詞彙，技巧也無法幫助您理解內容,87,minor_issues,,[low] style: None
Draft 1,L1S1,75,"00:06:24,260 --> 00:06:27,540",That's the reason why you need to actively expand your vocabulary.,這就是為什麼您需要積極擴充詞彙量,87,minor_issues,,[low] style: None
Draft 1,L1S1,76,"00:06:28,360 --> 00:06:31,140","Doing practice tests is good, but not enough.",做模擬試題很好，但這還不夠,70,minor_issues,,[medium] terminology: None; [medium] terminology: None
Draft 1,L1S1,77,"00:06:31,860 --> 00:06:37,080","Listen to podcasts, read books, or watch videos on topics you actually enjoy.",聽播客、閱讀書籍，或觀看關於您真正喜歡的主題的影片,80,minor_issues,,[medium] terminology: None
Draft 1,L1S1,78,"00:06:37,820 --> 00:06:40,300","If you like football, read news about football.",如果您喜歡足球，就閱讀關於足球的news。,77,minor_issues,如果您喜歡足球，就閱讀關於足球的新聞。,[medium] terminology: None; [low] terminology: None
Draft 1,L1S1,79,"00:06:40,840 --> 00:06:43,600","If you like cooking, watch cooking shows in English.",如果您喜歡烹飪，就觀看英文烹飪節目。,100,ok,,
Draft 1,L1S1,80,"00:06:44,580 --> 00:06:45,820",Let's look at the level.,我們來看看程度,100,ok,,
Draft 1,L1S1,81,"00:06:46,500 --> 00:06:53,380","A band 6.0 is equivalent to a B2 level, upper intermediate, of C, E, F, R.","6.0 分等同於 B2 級別，中高級，屬於 C, E, F, R",87,minor_issues,,[low] style: None
Draft 1,L1S1,82,"00:06:54,040 --> 00:06:58,540","This requires a vocabulary of approximately 3,000 to 4,000 words.","這需要大約 3,000 到 4,000 個詞彙量。",87,minor_issues,"這需要大約 3,000 到 4,000 個詞彙。",[low] style: None
Draft 1,L1S1,83,"00:06:59,380 --> 00:07:10,480","If you are currently at a 5.0 or 5.5, which is B1 level, you likely already have a bank of 1,500 to 2,500 words.","如果您目前是 5.0 或 5.5 分，也就是 B1 級別，您可能已經掌握了 1,500 到 2,500 個詞彙。",70,minor_issues,"如果您目前是 5.0 或 5.5 分，也就是 B1 級數，您可能已經掌握了 1,500 到 2,500 個詞彙。",[low] style: None; [medium] terminology: None; [medium] terminology: None; [low] style: None
Draft 1,L1S1,84,"00:07:10,820 --> 00:07:13,980","So to bridge that gap and reach the next level,",因此，為了彌補這個差距並達到下一個級別，,87,minor_issues,,[low] style: None
Draft 1,L1S1,85,"00:07:13,980 --> 00:07:19,900","you need to actively add about 1,000 to 1,500 new words to your vocabulary.","您需要積極地為詞彙量增加約 1,000 到 1,500 個新詞彙",100,ok,,
Draft 1,L1S1,86,"00:07:20,660 --> 00:07:23,580","It sounds like a lot, but we will take it step by step.",聽起來很多，不過我們會一步一步來,80,minor_issues,,[medium] terminology: None
Draft 1,L1S1,87,"00:07:24,180 --> 00:07:26,440",We have the strategy and we know the target.,我們有策略，並且知道目標,87,minor_issues,,[low] style: None
Draft 1,L1S1,88,"00:07:27,100 --> 00:07:29,400",So are you ready to upgrade your listening skills?,，準備好提升您的聽力技巧了嗎？,87,minor_issues,,[low] grammar: None
Draft 1,L1S1,89,"00:07:30,560 --> 00:07:35,440","Alright, those are the basic information we need to know about the IELTS listening test.",好的，這些是我們需要知道的關於 IELTS 聽力測驗的基本資訊。,80,minor_issues,,[medium] terminology: None
Draft 1,L1S1,90,"00:07:35,780 --> 00:07:41,160",Let's continue with the next lesson where we'll learn the strategies for different types of questions in the test.,讓我們繼續下一堂課，我們將學習測驗中不同題型的策略。,70,minor_issues,讓我們繼續下一堂課，學習測驗中不同題型的策略。,[medium] terminology: None; [medium] terminology: None; [low] style: None
Draft 1,L1S1,91,"00:07:41,660 --> 00:07:43,600",Goodbye and see you in the next video.,再見，下個影片見,80,minor_issues,,[medium] terminology: None
Draft 1,L2S1,1,"00:00:12,050 --> 00:00:15,250","Hey guys, welcome back to our IELTS listening course.",大家好，歡迎回到我們的 IELTS 聽力課程。,100,ok,,
Draft 1,L2S1,2,"00:00:15,790 --> 00:00:18,870","Have you ever felt confident that you heard the right answer, wrote",你是否有過這種經歷：明明很有信心聽到了正確,42,needs_revision,你是否有過這種經歷：你是否曾自信聽到了正確的答案的答案,[high] meaning_drift: None; [low] grammar: None
Draft 1,L2S1,3,"00:00:18,870 --> 00:00:21,130","it down immediately, but still got the question wrong?",答案，也立刻寫下來，最後卻答錯了？,87,minor_issues,,[low] style: None
Draft 1,L2S1,4,"00:00:21,290 --> 00:00:25,010","If so, you have likely fallen into a trap known as a distractor.",如果是這樣，你可能已經掉入了所謂的「干擾項」陷阱。,70,minor_issues,,[medium] terminology: None; [medium] terminology: None
Draft 1,L2S1,5,"00:00:25,150 --> 00:00:28,750",A distractor is a piece of information that looks or sounds like,干擾項是一則看起來或聽起來像的資訊,100,ok,,
Draft 1,L2S1,6,"00:00:28,750 --> 00:00:31,810","the correct answer, but is actually wrong.",正確答案，但實際上卻是錯誤的。,100,ok,,
Draft 1,L2S1,7,"00:00:33,190 --> 00:00:37,650","IELTS uses these to test if you are listening for meaning, rather",IELTS 使用這些來測驗您是否在聆聽意義，,77,minor_issues,,[medium] terminology: None; [low] style: None
Draft 1,L2S1,8,"00:00:37,650 --> 00:00:39,270",than just matching keywords.,而不只是匹配關鍵字。,100,ok,,
Draft 1,L2S1,9,"00:00:39,950 --> 00:00:44,790","This brings us to the first major type of trap, the partial match.",這讓我們進入第一個主要的陷阱類型：部分匹配（partial match）。,45,needs_revision,這讓我們進入第一個主要的陷阱型別：部分匹配（partial match）。,[high] terminology: None
Draft 1,L2S1,10,"00:00:50,460 --> 00:00:55,260","Please note that, when given all choices, you are likely to hear",請注意，當所有選項都出現時，您可能會聽到,70,minor_issues,,[medium] terminology: None; [medium] terminology: None
Draft 1,L2S1,11,"00:00:55,260 --> 00:00:57,240",the speaker talking about all options.,講者提到所有選項,77,minor_issues,,[low] style: None; [medium] terminology: None
Draft 1,L2S1,12,"00:00:57,680 --> 00:01:01,900","Just because you hear it mentioned doesn't make it correct, so be",，所以聽到不代表就是正確答案，務,35,needs_revision,只要聽到有人提及，並不代表它是正確的，所以請,[medium] terminology: None; [high] meaning_drift: None
Draft 1,L2S1,13,"00:01:01,900 --> 00:01:05,080",careful to analyze the choices and choose the correct answer.,必仔細分析選項，選出正確答案。,80,minor_issues,,[medium] terminology: None
Draft 1,L2S1,14,"00:01:05,080 --> 00:01:10,200","In a multiple-choice question, you might see options like blue, red, and green.",在選擇題中，您可能會看到藍色、紅色和綠色等選項。,100,ok,,
Draft 1,L2S1,15,"00:01:10,400 --> 00:01:12,780","The recording won't just say, the answer is red.",錄音不會直接說答案是 red。,100,ok,,
Draft 1,L2S1,16,"00:01:12,980 --> 00:01:15,220","Instead, the speaker will mention all three.",相反地，講者會提到這三項。,77,minor_issues,,[low] style: None; [medium] terminology: None
Draft 1,L2S1,17,"00:01:15,420 --> 00:01:21,200","They might say, I originally wanted blue, and green was too bright, so we finally decided on red.",他們可能會說，我原本想選藍色，但綠色太亮了，所以最後決定選紅色。,100,ok,,
Draft 1,L2S1,18,"00:01:21,980 --> 00:01:26,000","If you stop listening, the moment you hear a keyword, you will fail.",如果你停止聆聽，一聽到 keyword 就作答，就會失敗。,100,ok,,
Draft 1,L2S1,19,"00:01:26,260 --> 00:01:32,000",You must listen to the context to understand which option is being accepted and which are being rejected.,您必須聆聽上下文，以了解哪一個選項被接受，以及哪些選項被排除。,45,needs_revision,您必須聆聽上下文，以瞭解哪一個選項被接受，以及哪些選項被排除。,[high] terminology: None
Draft 1,L2S1,20,"00:01:32,280 --> 00:01:34,420",But listing options isn't the only trick.,但列出選項並不是唯一的技巧。,100,ok,,
Draft 1,L2S1,21,"00:01:34,420 --> 00:01:36,840",The second major trap is the self-correction.,第二個主要陷阱是自我糾正。,80,minor_issues,,[medium] terminology: None
Draft 1,L2S1,22,"00:01:37,100 --> 00:01:41,080","This happens when the speaker gives you an answer, but then immediately changes their mind.",這發生在說話者給出答案後，隨即改變主意的情況下。,77,minor_issues,,[low] style: None; [medium] terminology: None
Draft 1,L2S1,23,"00:01:42,400 --> 00:01:45,220","Remember, don't rush to write the first answer you hear.",記住，不要聽到第一個答案就急忙寫下。,80,minor_issues,,[medium] terminology: None
Draft 1,L2S1,24,"00:01:45,500 --> 00:01:46,780",It could be a distractor.,那可能是干擾選項。,80,minor_issues,,[medium] terminology: None
Draft 1,L2S1,25,"00:01:47,660 --> 00:01:51,320",Sometimes the speaker only discusses before giving the final decision.,有時候，發言者在做出最終決定前，僅會進行討論。,77,minor_issues,,[low] style: None; [medium] terminology: None
Draft 1,L2S1,26,"00:01:52,040 --> 00:01:54,060",And that's the correct answer.,那就是正確答案。,100,ok,,
Draft 1,L2S1,27,"00:01:54,620 --> 00:01:57,920",This rush to write is dangerous because of signal words.,這種急忙寫下的行為是危險的，因為有 signal words。,70,minor_issues,這種急忙寫下的行為是危險的，因為有 提示詞。,[medium] terminology: None; [medium] terminology: None
Draft 1,L2S1,28,"00:01:58,180 --> 00:02:04,420","Distractors are almost always followed by contrast markers like but, however, actually, or in fact.",干擾選項後幾乎都會出現转折标记，例如 but、however、actually 或 in fact。,30,needs_revision,,[low] style: None; [low] style: None; [high] None: None; [high] None: None; [high] None: None
Draft 1,L2S1,29,"00:02:04,960 --> 00:02:07,259",Imagine the question asks for a meeting time.,想像問題是詢問會議時間。,100,ok,,
Draft 1,L2S1,30,"00:02:07,479 --> 00:02:09,220","You hear, shall we meet at 5pm?",聽聽看，我們下午五點見好嗎？,100,ok,,
Draft 1,L2S1,31,"00:02:09,440 --> 00:02:11,680",You might write down 5pm.,你可能會寫下下午五點。,100,ok,,
Draft 1,L2S1,32,"00:02:12,240 --> 00:02:15,500","But then the speaker says, actually, I have a dentist appointment then.",但接著演講者說，實際上，我之後有個牙醫預約。,84,minor_issues,,[low] style: None; [low] style: None
Draft 1,L2S1,33,"00:02:15,680 --> 00:02:16,940",Let's make it 6 o'clock.,我們就定在六點吧。,35,needs_revision,,[medium] terminology: None; [high] placeholder: None
Draft 1,L2S1,34,"00:02:17,060 --> 00:02:19,600","The first time, 5 o'clock was the distractor.",第一次，五點是干擾選項。,35,needs_revision,,[medium] terminology: None; [high] placeholder: None
Draft 1,L2S1,35,"00:02:19,760 --> 00:02:21,980",The signal word actually cancelled it.,提示詞實際上取消了它。,100,ok,,
Draft 1,L2S1,36,"00:02:22,140 --> 00:02:26,080","The final time, 6 o'clock was the correct answer.",最後一次，六點是正確答案。,45,needs_revision,,[high] placeholder: None
Draft 1,L2S1,37,"00:02:26,500 --> 00:02:29,600",So the golden rule for this lesson is patience.,所以本課的原則是耐心。,80,minor_issues,,[medium] terminology: None
Draft 1,L2S1,38,"00:02:30,040 --> 00:02:32,320",Never trust the first thing you hear.,永遠不要輕信你聽到的第一件事。,100,ok,,
Draft 1,L2S1,39,"00:02:32,320 --> 00:02:37,700","Keep your pencil moving, but don't finalize your answer until the speaker has finished their thought.",讓鉛筆持續書寫，但在講者表達完想法前，請勿確定答案。,87,minor_issues,,[low] style: None
Draft 1,L2S1,40,"00:02:42,580 --> 00:02:46,300","Now, you might think these traps only apply to multiple choice questions.",現在，你可能認為這些陷阱只適用於多項選擇題。,80,minor_issues,,[medium] terminology: None
Draft 1,L2S1,41,"00:02:46,460 --> 00:02:51,260","But actually, IELTS uses these exact same tricks, signal words, corrections,",但實際上，IELTS 在配對題中會使用這些完全相同的,35,needs_revision,但實際上，IELTS 也會使用這些完全相同的,[medium] terminology: None; [high] meaning_drift: None
Draft 1,L2S1,42,"00:02:51,580 --> 00:02:54,160",and negatives to confuse you in matching questions.,技巧、提示詞、修正和否定詞來混淆你。,74,minor_issues,技巧、提示詞、修正以及否定詞來讓你混淆。,[medium] terminology: None; [low] collocation: None; [low] grammar: None
Draft 1,L2S1,43,"00:02:54,380 --> 00:02:59,180","In a matching task, you aren't just choosing one answer, you're connecting two lists.",在配對題中，你不僅是選擇一個答案，而是將兩個清單進行配對。,100,ok,,
Draft 1,L2S1,44,"00:02:59,820 --> 00:03:02,760",And this is where the negation trap becomes dangerous.,這就是否定陷阱變得危險的地方。,80,minor_issues,,[medium] terminology: None
Draft 1,L2S1,45,"00:03:03,860 --> 00:03:06,540",I see you have a great gym listed here.,我看到這裡列出一家很棒的健身房。,100,ok,,
Draft 1,L2S1,46,"00:03:06,840 --> 00:03:08,300",Do you also have a swimming pool?,你們也有游泳池嗎？,87,minor_issues,,[low] style: None
Draft 1,L2S1,47,"00:03:08,900 --> 00:03:14,680","We used to have a pool on the roof, but unfortunately, it is currently closed for renovations.",我們以前在屋頂有一個游泳池，但不幸的是，目前它正在進行翻新而關閉。,100,ok,,
Draft 1,L2S1,48,"00:03:15,260 --> 00:03:17,180","However, guests are free to use the sauna.",不過，旅客可自由使用桑拿。,70,minor_issues,,[medium] terminology: None; [medium] terminology: None
Draft 1,L2S1,49,"00:03:17,980 --> 00:03:22,740","If your task was to match hotel facilities to availability, and you",如果你的任務是將飯店設施與可用性進行比對，,100,ok,,
Draft 1,L2S1,50,"00:03:22,740 --> 00:03:28,320","saw swimming pool on the list, your brain naturally wants to tick it off as soon as you hear the word.",當你在清單中看到游泳池時，大腦會本能地在聽到該詞時立刻將其勾選。,80,minor_issues,,[medium] terminology: None
Draft 1,L2S1,51,"00:03:28,440 --> 00:03:29,340",But notice the trap.,但請注意這個陷阱。,100,ok,,
Draft 1,L2S1,52,"00:03:29,340 --> 00:03:35,360","The speaker mentioned the pool, but immediately negated it with closed for renovations.",講者提到了游泳池，但隨即以「因裝修而關閉」予以否定。,87,minor_issues,,[low] style: None
Draft 1,L2S1,53,"00:03:35,700 --> 00:03:38,820",The correct match would likely be the sauna.,正確的配對應該是桑拿。,80,minor_issues,,[medium] terminology: None
Draft 1,L2S1,54,"00:03:39,460 --> 00:03:46,040","This brings us to the next level of difficulty, common in section 3 of the listening test, the agreement trap.",這將帶我們進入下一個難度等級，這在聽力測驗的第 3 部分中很常見，即「同意陷阱」。(agreement trap),80,minor_issues,這將帶我們進入下一個難度等級，這在聽力測驗的第 3 部分中很常見，即「同意陷阱」。(一致性 trap),[medium] terminology: None
Draft 1,L2S1,55,"00:03:47,080 --> 00:03:50,360",I think we should focus our presentation on global warming.,我認為我們應該將簡報的重點放在全球暖化上。,100,ok,,
Draft 1,L2S1,56,"00:03:50,720 --> 00:03:52,320",There is so much data available.,資料非常豐富。,80,minor_issues,,[medium] terminology: None
Draft 1,L2S1,57,"00:03:52,860 --> 00:03:53,880",I'm not sure.,我不確定。,100,ok,,
Draft 1,L2S1,58,"00:03:54,360 --> 00:03:55,560",Everyone chooses that.,大家都這樣選擇。,100,ok,,
Draft 1,L2S1,59,"00:03:56,020 --> 00:03:58,120",What about ocean pollution instead?,改成海洋污染呢？,100,ok,,
Draft 1,L2S1,60,"00:03:58,820 --> 00:03:59,340",Hmm.,嗯。,100,ok,,
Draft 1,L2S1,61,"00:03:59,600 --> 00:04:00,680","Actually, you're right.",其實，你說得對。,100,ok,,
Draft 1,L2S1,62,"00:04:01,120 --> 00:04:02,820",Ocean pollution would be more unique.,海洋污染會更獨特。,45,needs_revision,海洋污染會更嚴重。,[high] meaning_drift: None
Draft 1,L2S1,63,"00:04:03,180 --> 00:04:03,840",Let's go with that.,那就這樣決定吧。,80,minor_issues,,[medium] terminology: None
Draft 1,L2S1,64,"00:04:04,600 --> 00:04:08,120","In matching questions, where you must link a student to a topic,",在配對題中，當你需要將學生與主題連結時，我們之,32,needs_revision,在配對題中，當你需要將學生與主題連結時，即可,[low] style: None; [medium] terminology: None; [high] meaning_drift: None
Draft 1,L2S1,65,"00:04:08,280 --> 00:04:11,580",the partial match we discussed earlier appears as a debate.,前討論過的「部分匹配」會以辯論的形式出現。,80,minor_issues,,[medium] terminology: None
Draft 1,L2S1,66,"00:04:11,840 --> 00:04:14,540",The male student suggested global warming with confidence.,那名男學生自信地提出全球暖化的議題。,100,ok,,
Draft 1,L2S1,67,"00:04:14,780 --> 00:04:18,140","If you matched him to that topic immediately, you fell into the trap.",如果你馬上將他與該主題連結起來，你就掉入陷阱了。,100,ok,,
Draft 1,L2S1,68,"00:04:18,620 --> 00:04:20,839",You must wait for the consensus.,你必須等待共識。,100,ok,,
Draft 1,L2S1,69,"00:04:21,400 --> 00:04:23,000",It isn't about who speaks first.,重點不在於誰先發言。,100,ok,,
Draft 1,L2S1,70,"00:04:23,120 --> 00:04:25,080",It's about who agrees last.,重點在於誰最後表示同意。,100,ok,,
Draft 1,L2S1,71,"00:04:25,080 --> 00:04:29,480","Finally, let's look at how the correction trap appears when matching times or dates.",最後，讓我們來看看「correction trap」在比對「times」或「dates」時是如何出現的。,70,minor_issues,最後，讓我們來看看「更正 陷阱」在配對「時間」或「日期」時是如何出現的。,[medium] terminology: None; [medium] terminology: None; [low] style: None; [low] style: None; [low] style: None; [low] style: None
Draft 1,L2S1,72,"00:04:31,120 --> 00:04:33,460","Okay, so a table for four?",好的，四人桌嗎？,100,ok,,
Draft 1,L2S1,73,"00:04:34,020 --> 00:04:40,000","I have an opening this Saturday at 7 p.m. Oh, wait, my flight lands late Saturday.",我這週六晚上七點有空。噢，等等，我週六搭飛機回來比較晚。,35,needs_revision,,[medium] terminology: None; [high] placeholder: None
Draft 1,L2S1,74,"00:04:40,400 --> 00:04:42,700",Is it possible to move that to Sunday instead?,可以改成改到週日嗎？,80,minor_issues,,[medium] terminology: None
Draft 1,L2S1,75,"00:04:43,460 --> 00:04:44,400",Let me check.,讓我確認一下。,80,minor_issues,,[medium] terminology: None
Draft 1,L2S1,76,"00:04:45,060 --> 00:04:47,180","Yes, Sunday at 7 works.",好，週日晚上七點可以。,35,needs_revision,,[medium] terminology: None; [high] placeholder: None
Draft 1,L2S1,77,"00:04:48,380 --> 00:04:51,160",Here you are matching the booking to the day.,這裡是將預約與日期進行比對。,80,minor_issues,,[medium] terminology: None
Draft 1,L2S1,78,"00:04:51,160 --> 00:04:54,940","The speaker suggested Saturday, but the host corrected it to Sunday.",講者建議星期六，但主持人更正為星期日。,87,minor_issues,,[low] style: None
Draft 1,L2S1,79,"00:04:55,200 --> 00:04:57,580",So here is your strategy for matching questions.,這裡是配對題的作答策略。,80,minor_issues,,[medium] terminology: None
Draft 1,L2S1,80,"00:04:57,800 --> 00:05:00,040","First, don't match the keyword immediately.",首先，不要立即比對關鍵字。,100,ok,,
Draft 1,L2S1,81,"00:05:00,320 --> 00:05:03,660",Just because you hear pool or Saturday doesn't mean it's the answer.,聽到「pool」或「Saturday」並不代表那就是答案。,80,minor_issues,聽到「pool」或「星期六」並不代表那就是答案。,[medium] terminology: None
Draft 1,L2S1,82,"00:05:04,540 --> 00:05:08,060","Second, listen for the negation.",其次，注意聽否定詞。,100,ok,,
Draft 1,L2S1,83,"00:05:08,740 --> 00:05:12,920","Words like not, unfortunately, or closed.",像「not」、「unfortunately」或「closed」等詞。,100,ok,,
Draft 1,L2S1,84,"00:05:13,400 --> 00:05:15,740","Finally, wait for the agreement.",最後，請等待協議。,35,needs_revision,最後，請等待同意。,[medium] terminology: None; [high] meaning_drift: None
Draft 1,L2S1,85,"00:05:16,440 --> 00:05:19,520",Ensure both speakers have settled on the final decision.,確保雙方已就最終決定達成共識。,100,ok,,
Draft 1,L2S1,86,"00:05:20,020 --> 00:05:24,680","By mastering these three traps, self-correction, negation, and agreement, you",掌握這三個陷阱：自我糾正、否定和一致性，你就不,70,minor_issues,,[medium] terminology: None; [medium] terminology: None
Draft 1,L2S1,87,"00:05:24,680 --> 00:05:28,860",will stop falling for distractors and start catching the right answers.,會再落入干擾選項，並能開始捕捉正確答案。,32,needs_revision,不再落入干擾選項，並開始捕捉正確答案。,[medium] terminology: None; [high] meaning_drift: None; [low] register: None
Draft 1,L2S1,88,"00:05:34,260 --> 00:05:37,960","Now we arrive at the final boss level, pick from a list.",現在我們來到最後的「final boss level」，從列表中選擇。,42,needs_revision,現在我們來到最後的「魔王關」，從清單中選擇。,[high] terminology: None; [low] style: None
Draft 1,L2S1,89,"00:05:38,120 --> 00:05:44,700","This is where IELTS combines all the traps we just learned, negation, agreement, and correction into a single conversation.",這就是 IELTS 將我們剛才學到的所有陷阱——negation、agreement 和 correction——結合在一段對話中的地方。,70,minor_issues,這就是 IELTS 將我們剛才學到的所有陷阱——否定詞、一致性 和 更正——結合在一段對話中的地方。,[medium] terminology: None; [medium] terminology: None; [medium] terminology: None; [medium] terminology: None
Draft 1,L2S1,90,"00:05:44,920 --> 00:05:49,300","In these questions, you must select two or three correct answers from a longer list.",在這些題目之中，你必須從較長的清單中選擇兩個或三個正確答案。,77,minor_issues,,[low] style: None; [medium] terminology: None
Draft 1,L2S1,91,"00:05:49,820 --> 00:05:54,060",This is difficult because the speakers will likely discuss every single item on that list.,這很有難度，因為說話者可能會討論該清單上的每一項內容。,87,minor_issues,,[low] style: None
Draft 1,L2S1,92,"00:05:54,440 --> 00:05:56,140",Let's look at a constraint trap.,我們來看看「constraint trap」的陷阱。,77,minor_issues,我們來看看「限制陷阱」的陷阱。,[medium] terminology: None; [low] style: None
Draft 1,L2S1,93,"00:05:56,680 --> 00:06:03,960","This is when an answer is technically possible, but a specific condition, like cost, time, or rules, makes it wrong.",這是指答案在技術上可行，但受到特定條件（例如費用、時間或規則）的限制，導致該答案不正確。,80,minor_issues,,[medium] terminology: None
Draft 1,L2S1,94,"00:06:05,320 --> 00:06:08,600","Alright, so what kind of meat dishes should we have?",那麼，我們應該準備哪些肉類料理呢？,100,ok,,
Draft 1,L2S1,95,"00:06:08,960 --> 00:06:11,000",Some beef wellington would be great.,來些惠靈頓牛排就太好了。,100,ok,,
Draft 1,L2S1,96,"00:06:11,620 --> 00:06:13,040","You are joking, right?",你在開玩笑吧？,80,minor_issues,,[medium] terminology: None
Draft 1,L2S1,97,"00:06:13,220 --> 00:06:15,060",That would be quite expensive.,那會非常昂貴。,100,ok,,
Draft 1,L2S1,98,"00:06:15,660 --> 00:06:16,900","Yes, yes, I know.",是的，是的，我知道。,100,ok,,
Draft 1,L2S1,99,"00:06:17,340 --> 00:06:18,160",No beef then.,那就不要牛肉。,100,ok,,
Draft 1,L2S1,100,"00:06:18,490 --> 00:06:22,180",How about something with pork and then another dish with chicken?,來點豬肉料理，再來一道雞肉料理如何？,100,ok,,
Draft 1,L2S1,101,"00:06:22,820 --> 00:06:24,400","Okay, that sounds like a good idea.",好的，聽起來是個好主意。,80,minor_issues,,[medium] terminology: None
Draft 1,L2S1,102,"00:06:25,280 --> 00:06:27,120",Did you catch the logic flow there?,你抓到那裡的邏輯流程了嗎？,100,ok,,
Draft 1,L2S1,103,"00:06:27,280 --> 00:06:28,740","First, you heard beef.",首先，你聽到的是 beef。,87,minor_issues,首先，你聽到的是 牛肉。,[low] terminology: None
Draft 1,L2S1,104,"00:06:28,920 --> 00:06:31,840","If you were just matching keywords, you would have ticked it immediately.",如果你只是要匹配關鍵字，你早就勾選了。,100,ok,,
Draft 1,L2S1,105,"00:06:32,080 --> 00:06:33,640",But then came the constraint trap.,但接著出現了限制陷阱。,100,ok,,
Draft 1,L2S1,106,"00:06:33,800 --> 00:06:35,820",Oscar mentioned it was too expensive.,Oscar 提到價格太高了。,100,ok,,
Draft 1,L2S1,107,"00:06:36,100 --> 00:06:37,020",Then came the negation.,接著出現了否定句。,80,minor_issues,,[medium] terminology: None
Draft 1,L2S1,108,"00:06:37,200 --> 00:06:38,980",Walt explicitly said no beef.,Walt 明確表示不吃牛肉。,87,minor_issues,Walt 明確表示不碰牛肉。,[low] register: None
Draft 1,L2S1,109,"00:06:39,480 --> 00:06:43,260","After that, they finally proposed the correct answers, pork and chicken.",之後，他們終於提出了正確答案：豬肉和雞肉。,77,minor_issues,,[low] style: None; [medium] terminology: None
Draft 1,L2S1,110,"00:06:43,460 --> 00:06:47,100","So for pick from a list questions, think of yourself as a judge in a courtroom.",因此，對於「從列表中選擇」類型的題目，請想像自己是一位在法庭上的法官。,30,needs_revision,因此，對於「從清單中選擇」型別的題目，請想像自己是一位在法庭上的法官。,[high] terminology: None; [high] terminology: None; [medium] terminology: None; [medium] terminology: None
Draft 1,L2S1,111,"00:06:47,100 --> 00:06:50,260",Don't write down the verdict until you have heard all the arguments.,在聽完所有論點之前，不要寫下判決。,77,minor_issues,,[low] style: None; [medium] terminology: None
Draft 1,L2S1,112,"00:06:55,730 --> 00:06:57,550",To recap what we learned this lesson.,複習一下本堂課所學的內容。,80,minor_issues,,[medium] terminology: None
Draft 1,L2S1,113,"00:06:57,810 --> 00:07:00,510","One, beware of partial matches in multiple choice.",第一，要謹慎處理選擇題中的部分匹配。,100,ok,,
Draft 1,L2S1,114,"00:07:00,730 --> 00:07:03,130","Two, listen for negation in matching questions.",第二，在配對題中要注意否定語句。,70,minor_issues,,[medium] terminology: None; [medium] terminology: None
Draft 1,L2S1,115,"00:07:03,490 --> 00:07:06,090","Three, watch out for constraints in pick from a list.",第三，在「從列表中選擇」類型的題目時，請留意限制條件。,30,needs_revision,第三，在「從清單中選擇」型別的題目時，請留意限制條件。,[high] terminology: None; [high] terminology: None
Draft 1,L2S1,116,"00:07:06,290 --> 00:07:09,710",Master these three habits and those distractors won't distract you anymore.,掌握這三個習慣，那些干擾選項就再也無法迷惑你了。,87,minor_issues,,[low] style: None
Draft 1,L2S1,117,"00:07:09,890 --> 00:07:10,870",See you in the next lesson.,下一堂課見。,100,ok,,
Draft 1,L2S2,1,"00:00:11,920 --> 00:00:13,480",Imagine you are in the exam.,想像你正在考試中。,80,minor_issues,,[medium] terminology: None
Draft 1,L2S2,2,"00:00:13,740 --> 00:00:16,920","You see the question, the museum is located near the river.",你看到這個問題了，博物館位於河流附近。,100,ok,,
Draft 1,L2S2,3,"00:00:17,160 --> 00:00:21,120","You sit there waiting to hear the word located, but the speaker never says it.",你坐在那裡等待聽到 located 這個字，但講者從來沒有說出來。,87,minor_issues,,[low] style: None
Draft 1,L2S2,4,"00:00:21,340 --> 00:00:24,660","Instead, they say, you can find the museum right next to the river.",相反地，他們說，你可以在河流旁邊找到這座博物館。,100,ok,,
Draft 1,L2S2,5,"00:00:24,840 --> 00:00:29,500","Because you were waiting for the exact word, you missed the answer.",因為你一直在等待那個確切的字眼，所以錯過了答案。,100,ok,,
Draft 1,L2S2,6,"00:00:29,940 --> 00:00:32,580",This is the number one mistake in IELTS listening.,這是雅思聽力中排名第一的錯誤。,70,minor_issues,,[medium] terminology: None; [medium] terminology: None
Draft 1,L2S2,7,"00:00:32,580 --> 00:00:34,020",Word matching.,詞彙配對。,100,ok,,
Draft 1,L2S2,8,"00:00:34,400 --> 00:00:37,760",IELTS rarely repeats the exact words from the question.,雅思考試很少會重複題目中的確切字眼。,100,ok,,
Draft 1,L2S2,9,"00:00:38,000 --> 00:00:42,060","Instead, they use paraphrasing, expressing the same meaning using different words.",相反地，他們使用轉述的方式，以不同的詞彙表達相同的意思。,70,minor_issues,,[medium] terminology: None; [medium] terminology: None
Draft 1,L2S2,10,"00:00:42,620 --> 00:00:46,660","To get a high band score, you must stop listening for words and start listening for meaning.",要取得高分，你必須停止逐字聽，開始聆聽意義。,80,minor_issues,,[medium] terminology: None
Draft 1,L2S2,11,"00:00:51,650 --> 00:00:54,490",There are three main types of paraphrasing you need to know.,你需要知道三種主要的轉述方式。,80,minor_issues,,[medium] terminology: None
Draft 1,L2S2,12,"00:00:54,650 --> 00:00:56,950",The first and most common is synonyms.,第一種且最常見的是 synonyms。,70,minor_issues,第一種且最常見的是 同義詞。,[low] style: None; [medium] terminology: None; [medium] terminology: None; [low] terminology: None
Draft 1,L2S2,13,"00:00:57,110 --> 00:01:01,690",This is where the test replaces a keyword with a word that has the exact same meaning.,在此，測驗會將關鍵字替換為具有完全相同意思的詞彙。,100,ok,,
Draft 1,L2S2,14,"00:01:01,890 --> 00:01:06,510","For example, in a form completion task, the question asks for the cost of entry.",例如，在表單填寫任務中，題目會詢問入場費用。,100,ok,,
Draft 1,L2S2,15,"00:01:06,870 --> 00:01:14,330","But on the recording, you might hear, the price is $50, or the fee is $50, or maybe even you have to pay $50.",但在錄音中，你可能會聽到價格是 50 美元、費用是 50 美元，甚至可能需要支付 50 美元。,70,minor_issues,,[medium] terminology: None; [medium] terminology: None
Draft 1,L2S2,16,"00:01:14,950 --> 00:01:17,290",All of these are synonyms for cost.,這些都是 cost 的同義詞。,77,minor_issues,這些都是 成本 的同義詞。,[medium] terminology: None; [low] terminology: None
Draft 1,L2S2,17,"00:01:18,530 --> 00:01:20,330",Let's practice this immediately.,我們現在立即練習。,100,ok,,
Draft 1,L2S2,18,"00:01:20,630 --> 00:01:23,230",I'm going to show you four common IELTS keywords.,我將為您展示四個常見的 IELTS 關鍵字。,100,ok,,
Draft 1,L2S2,19,"00:01:23,490 --> 00:01:26,970",Can you match them to the synonyms you are likely to hear in the recording?,你能將它們與你在錄音中可能會聽到的同義詞配對嗎？,80,minor_issues,,[medium] terminology: None
Draft 1,L2S2,20,"00:01:31,790 --> 00:01:32,710",Great job.,做得很好。,100,ok,,
Draft 1,L2S2,21,"00:01:33,010 --> 00:01:35,850","Now, let's move to type two, grammatical changes.",現在，讓我們進入第二種類型：語法變化。,30,needs_revision,現在，讓我們進入第二種型別：文法變化。,[high] terminology: None; [high] terminology: None; [medium] terminology: None
Draft 1,L2S2,22,"00:01:36,130 --> 00:01:39,870","Sometimes the question paper uses one part of speech, like a noun,",有時試卷會使用某種詞性，例如名詞，但說話,87,minor_issues,,[low] style: None
Draft 1,L2S2,23,"00:01:40,030 --> 00:01:42,350","but the speaker uses a different one, like a verb.",者卻使用不同的詞性，例如動詞。,77,minor_issues,,[low] style: None; [medium] terminology: None
Draft 1,L2S2,24,"00:01:42,530 --> 00:01:45,650","If you are only listening for the noun, you might miss the answer entirely.",如果你只專注於聽名詞，可能會完全錯過答案。,70,minor_issues,,[medium] terminology: None; [medium] terminology: None
Draft 1,L2S2,25,"00:01:45,910 --> 00:01:49,270","You have to listen for the meaning, not just the grammar.",你必須聆聽意思，而不僅僅是語法。,30,needs_revision,你必須聆聽意思，而不僅僅是文法。,[high] terminology: None; [medium] terminology: None; [medium] terminology: None
Draft 1,L2S2,26,"00:01:49,510 --> 00:01:50,870","For example, look at this question.",例如，請看這道題目。,100,ok,,
Draft 1,L2S2,27,"00:01:51,050 --> 00:01:53,630",It asks for the cost of something.,它詢問某物的費用。,100,ok,,
Draft 1,L2S2,28,"00:01:53,890 --> 00:01:57,330","You are expecting to hear a noun, like construction, but the speaker",你預期會聽到名詞，例如 construction，但說話者可能不會使用,70,minor_issues,,[low] style: None; [medium] terminology: None; [medium] terminology: None
Draft 1,L2S2,29,"00:01:57,330 --> 00:01:59,470","might not use the noun, construction.",construction 這個名詞。,100,ok,,
Draft 1,L2S2,30,"00:02:00,230 --> 00:02:02,450","They might use the verb, constructed.",他們可能會使用動詞 constructed。,100,ok,,
Draft 1,L2S2,31,"00:02:03,150 --> 00:02:06,550","They might say, it was constructed for $2 million.",他們可能會說，它是為 200 萬美元建造的 constructed。,87,minor_issues,,[low] typo: None
Draft 1,L2S2,32,"00:02:07,509 --> 00:02:08,190",Did you hear that?,你聽見了嗎？,100,ok,,
Draft 1,L2S2,33,"00:02:08,729 --> 00:02:14,630","The question said, construction, noun, but the speaker said, constructed, verb.",題目說的是 construction、noun，但說話者說的是 constructed，動詞。,70,minor_issues,題目說的是 construction、名詞，但說話者說的是 constructed，動詞。,[low] style: None; [medium] terminology: None; [medium] terminology: None
Draft 1,L2S2,34,"00:02:15,250 --> 00:02:17,830","If you were waiting for the word construction, you missed it.",如果你是在等這個字 construction，那你就錯過了。,100,ok,,
Draft 1,L2S2,35,"00:02:18,070 --> 00:02:21,570",This tests your ability to match the verb you hear to the noun on the page.,這將測驗你將聽到的動詞與頁面中的名詞進行配對的能力。,70,minor_issues,,[medium] terminology: None; [medium] terminology: None; [low] style: None
Draft 1,L2S2,36,"00:02:26,850 --> 00:02:29,810","The third type is the most difficult, rephrasing.",第三種類型是最困難的，即 rephrasing（改述）。,45,needs_revision,第三種型別是最困難的，即 rephrasing（改述）。,[high] terminology: None
Draft 1,L2S2,37,"00:02:29,810 --> 00:02:32,950",This is where the speaker doesn't use a synonym or a grammar,這是指說話者不使用同義詞或語法變化，,32,needs_revision,這是指說話者不使用同義詞或文法變化，,[high] terminology: None; [low] style: None; [medium] terminology: None
Draft 1,L2S2,38,"00:02:32,950 --> 00:02:36,790","change, but describes the idea or the situation completely differently.",而是完全以不同的方式來描述該想法或情境。,100,ok,,
Draft 1,L2S2,39,"00:02:37,050 --> 00:02:40,310",They often move from specific examples to general categories.,他們經常從具體的範例過渡到一般的類別。,80,minor_issues,,[medium] terminology: None
Draft 1,L2S2,40,"00:02:40,550 --> 00:02:44,090","For instance, you might see a multiple-choice answer option that says bad weather.",例如，您可能會看到一個多選答案選項標示為 bad weather。,45,needs_revision,例如，您可能會看到一個多選答案選項標示為 惡劣天氣。,[high] meaning_drift: None
Draft 1,L2S2,41,"00:02:44,350 --> 00:02:46,910",You will almost never hear the words bad weather in the recording.,在錄音中，您幾乎聽不到「bad weather」這兩個字。,87,minor_issues,,[low] style: None
Draft 1,L2S2,42,"00:02:47,130 --> 00:02:50,350","Instead, you might hear, we couldn't take off due to the heavy fog and snow.",相反地，您可能會聽到這樣的說法：我們無法起飛，因為霧雪太大。,80,minor_issues,,[medium] terminology: None
Draft 1,L2S2,43,"00:02:50,570 --> 00:02:55,390","Here, fog and snow are specific examples of the general category, bad weather.",這裡的霧和雪是 bad weather 這個一般類別的具體範例。,35,needs_revision,這裡的霧和雪是 壞天氣 這個一般類別的具體範例。,[medium] terminology: None; [high] meaning_drift: None
Draft 1,L2S2,44,"00:03:00,480 --> 00:03:04,860","So, to maximize your listening score, you need to stop acting like",因此，要最大化您的聽力分數，您需要停止像,80,minor_issues,,[medium] terminology: None
Draft 1,L2S2,45,"00:03:04,860 --> 00:03:09,140",a robot matching words and start thinking like a translator matching meanings.,機器人一樣匹配字詞，並開始像譯者一樣匹配意義。,74,minor_issues,機器人比對字詞，並開始像譯者一樣比對意義。,[low] style: None; [medium] terminology: None; [low] collocation: None
Draft 1,L2S2,46,"00:03:09,360 --> 00:03:14,500","Remember the three levels of paraphrasing we just covered, synonyms, grammar, and rephrasing.",記住我們剛剛講過的三種改寫層次：synonyms、grammar 和 rephrasing。,70,minor_issues,記住我們剛剛講過的三種改寫層次：同義詞、grammar 和 改述。,[medium] terminology: None; [medium] terminology: None; [medium] terminology: None
Draft 1,L2S2,47,"00:03:14,680 --> 00:03:20,140","With lots of training, you can learn to recognize paraphrase like a pro and improve your IELTS band score.",透過大量練習，您可以像專業人士一樣辨識改寫方式，並提升您的 IELTS 分數。,70,minor_issues,,[medium] terminology: None; [medium] terminology: None
Draft 1,L2S3,1,"00:00:11,670 --> 00:00:16,390","The biggest fear in IELTS listening isn't that you won't understand a word,",在 IELTS 聽力測驗中，最大的恐懼不是聽不懂單字，,100,ok,,
Draft 1,L2S3,2,"00:00:16,390 --> 00:00:20,390","it's that you will miss one answer, panic, and then miss the next three.",而是漏掉一題答案後陷入恐慌，進而連續錯掉接下來三題。,100,ok,,
Draft 1,L2S3,3,"00:00:20,650 --> 00:00:22,450",We call this the domino effect.,我們將此稱為 domino effect。,77,minor_issues,我們將此稱為 多米諾骨牌效應。,[medium] terminology: None; [low] style: None
Draft 1,L2S3,4,"00:00:22,710 --> 00:00:28,410","The audio feels fast, not because the speakers are rushing, but because your brain is multitasking.",聽起來語速很快，並不是因為說話的人講得太急，而是因為您的大腦正在同時處理多項任務。,70,minor_issues,,[medium] terminology: None; [medium] terminology: None
Draft 1,L2S3,5,"00:00:28,650 --> 00:00:34,710","You are reading the next question, remembering the last one, writing an answer, and listening, all at the same time.",您正在閱讀下一題、回想上一題、寫下答案，並同時聆聽。,70,minor_issues,,[medium] terminology: None; [medium] terminology: None; [medium] terminology: None
Draft 1,L2S3,6,"00:00:35,010 --> 00:00:37,870",If you stop for just two seconds to think about a missed,如果您為了思考錯過的題目而停頓兩,30,needs_revision,如果您為了思考錯過的題目而停頓兩秒,[medium] terminology: None; [medium] terminology: None; [high] meaning_drift: None
Draft 1,L2S3,7,"00:00:37,870 --> 00:00:41,070","answer, your brain stops listening to the new stream of information.",秒，您的大腦就會停止接收新的資訊流。,35,needs_revision,接著，您的大腦就會停止接收新的資訊流。,[medium] terminology: None; [high] meaning_drift: None
Draft 1,L2S3,8,"00:00:41,370 --> 00:00:45,450","You fall behind, and once you are behind, it is almost impossible to catch up.",如果您落後，一旦落後，要追上去幾乎是不可能的。,77,minor_issues,,[low] style: None; [medium] terminology: None
Draft 1,L2S3,9,"00:00:45,630 --> 00:00:49,110","Today, we are going to learn how to stop the dominoes from falling.",今天，我們將學習如何防止多米諾骨牌倒下。,70,minor_issues,,[medium] terminology: None; [medium] terminology: None
Draft 1,L2S3,10,"00:00:54,490 --> 00:00:57,490","The first technique is psychological, the drop-it rule.",第一種技巧是心理層面的，即「放下法則」(drop-it rule)。,100,ok,,
Draft 1,L2S3,11,"00:00:57,890 --> 00:00:59,930",Imagine you are trying to answer question four.,假設您正在嘗試回答第四題。,80,minor_issues,,[medium] terminology: None
Draft 1,L2S3,12,"00:01:00,090 --> 00:01:02,090","You aren't sure, you are hesitating.",您不確定，正在猶豫。,80,minor_issues,,[medium] terminology: None
Draft 1,L2S3,13,"00:01:02,430 --> 00:01:06,030","Meanwhile, the speaker has already started talking about question five.",與此同時，講者已經開始談論第五題了。,87,minor_issues,,[low] style: None
Draft 1,L2S3,14,"00:01:06,470 --> 00:01:07,170",What should you do?,您應該怎麼做？,100,ok,,
Draft 1,L2S3,15,"00:01:07,670 --> 00:01:10,210",Most students try to hold on to question four.,大多數學生會試圖死守第四題。,80,minor_issues,,[medium] terminology: None
Draft 1,L2S3,16,"00:01:10,690 --> 00:01:16,070","They think, I almost have it, but while they struggle, they miss question five and six.",他們心想，我快答對了，但在他們苦思之際，卻錯過了第五題和第六題。,87,minor_issues,,[low] style: None
Draft 1,L2S3,17,"00:01:16,490 --> 00:01:18,170",You must make a cold calculation.,您必須進行冷靜的計算。,100,ok,,
Draft 1,L2S3,18,"00:01:18,870 --> 00:01:22,350",It is better to sacrifice one point to save three points.,犧牲一分來保住三分會更好。,80,minor_issues,,[medium] terminology: None
Draft 1,L2S3,19,"00:01:22,770 --> 00:01:25,970","If the speaker moves on, you must move on immediately.",如果講師繼續進行，您也必須立即跟上。,77,minor_issues,,[low] style: None; [medium] terminology: None
Draft 1,L2S3,20,"00:01:26,430 --> 00:01:27,910",Let's test your reflexes.,讓我們測驗一下您的反應。,100,ok,,
Draft 1,L2S3,21,"00:01:28,170 --> 00:01:29,870",You are stuck on question 12.,您卡在第十二題了。,35,needs_revision,,[medium] terminology: None; [high] placeholder: None
Draft 1,L2S3,22,"00:01:30,270 --> 00:01:32,870","Suddenly, you hear the keyword for question 13.",突然間，你聽到第 13 題的關鍵字。,87,minor_issues,,[low] style: None
Draft 1,L2S3,23,"00:01:33,210 --> 00:01:34,830",What is the only safe move?,唯一的安全做法是什麼？,100,ok,,
Draft 1,L2S3,24,"00:01:36,230 --> 00:01:37,190",The answer is B.,答案是 B。,100,ok,,
Draft 1,L2S3,25,"00:01:37,370 --> 00:01:39,810",Even a quick guess takes mental energy.,即使只是快速猜測，也會消耗腦力。,87,minor_issues,,[low] style: None
Draft 1,L2S3,26,"00:01:40,090 --> 00:01:43,810","If the speaker has moved to the library, your eyes must be on the library.",如果說話者已移動到圖書館，您的視線必須鎖定在圖書館。,77,minor_issues,,[low] style: None; [medium] terminology: None
Draft 1,L2S3,27,"00:01:44,090 --> 00:01:47,050",Forget about question 12 and focus on the next question.,別管第 12 題，著重於下一題。,100,ok,,
Draft 1,L2S3,28,"00:01:51,950 --> 00:01:53,930",But what if you get completely lost?,但如果完全迷路了呢？,100,ok,,
Draft 1,L2S3,29,"00:01:54,670 --> 00:01:57,530","You dropped a question, but you don't know where the speaker is anymore.",你漏掉了一道題，但現在已經不清楚說話者是在哪裡提到的了。,70,minor_issues,,[low] style: None; [medium] terminology: None; [medium] terminology: None
Draft 1,L2S3,30,"00:01:58,030 --> 00:02:00,710",This is where you need signposting language.,這裡需要使用引導語（signposting language）。,35,needs_revision,這裡需要使用引導言（signposting language）。,[high] terminology: None; [medium] terminology: None
Draft 1,L2S3,31,"00:02:01,210 --> 00:02:04,810",Speakers use specific words to signal that they are changing topics.,演講者會使用特定的詞彙來表示他們正在轉換話題。,87,minor_issues,,[low] style: None
Draft 1,L2S3,32,"00:02:05,230 --> 00:02:06,370",These are your GPS.,這些是你的 GPS。,100,ok,,
Draft 1,L2S3,33,"00:02:07,110 --> 00:02:13,310","Words like now, moving on to, on the other hand, or finally tell you exactly which question they are addressing.",像 now、moving on to、on the other hand 或 finally 這類詞彙，能清楚告訴你正在回答哪一道題目。,70,minor_issues,像 現在、接下來、另一方面 或 最後 這類詞彙，能清楚告訴你正在回答哪一道題目。,[medium] terminology: None; [medium] terminology: None; [low] style: None; [low] style: None; [low] style: None; [low] style: None
Draft 1,L2S3,34,"00:02:13,830 --> 00:02:14,730",Listen to this clip.,聽聽這段錄音。,100,ok,,
Draft 1,L2S3,35,"00:02:15,170 --> 00:02:18,170",The speaker uses a signpost word to shift topics.,講者使用路標詞來轉換話題。,84,minor_issues,講者使用引導詞來轉換話題。,[low] style: None; [low] terminology: None
Draft 1,L2S3,36,"00:02:18,590 --> 00:02:19,490",Where are we now?,我們現在到哪裡了？,100,ok,,
Draft 1,L2S3,37,"00:02:21,130 --> 00:02:23,410",The history of the castle is fascinating.,這座城堡的歷史十分迷人。,100,ok,,
Draft 1,L2S3,38,"00:02:23,750 --> 00:02:25,930","However, most visitors come for the gardens.",不過，大多數遊客是來參觀花園的。,100,ok,,
Draft 1,L2S3,39,"00:02:26,850 --> 00:02:28,850",The signpost was however.,然而，指標牌不在那裡。,42,needs_revision,路標卻不見了。,[low] style: None; [high] meaning_drift: None
Draft 1,L2S3,40,"00:02:29,230 --> 00:02:31,390",This signaled a shift from history to the gardens.,這標誌著從歷史轉向花園。,100,ok,,
Draft 1,L2S3,41,"00:02:31,710 --> 00:02:34,430","If you were lost on the history question, this word tells you",如果你在這題 history 答錯，這個詞會告訴你,100,ok,,
Draft 1,L2S3,42,"00:02:34,430 --> 00:02:36,830",to jump immediately to the gardens question.,立刻跳到 gardens 的題目。,80,minor_issues,立刻跳到 花園 的題目。,[medium] terminology: None
Draft 1,L2S3,43,"00:02:41,940 --> 00:02:43,960","Finally, let's talk about writing speed.",最後，我們來談談寫作速度。,100,ok,,
Draft 1,L2S3,44,"00:02:44,560 --> 00:02:47,500",Sometimes you fall behind simply because your hand is too slow.,有時你落後，只是因為你的手太慢。,100,ok,,
Draft 1,L2S3,45,"00:02:48,140 --> 00:02:52,240",Writing long words like environment or necessary takes precious seconds.,寫像 environment 或 necessary 這類長詞會浪費寶貴的時間。,80,minor_issues,,[medium] terminology: None
Draft 1,L2S3,46,"00:02:52,820 --> 00:02:55,060","During the audio, do not write the full word.",在聽力練習期間，請勿寫下完整單字。,70,minor_issues,,[medium] terminology: None; [medium] terminology: None
Draft 1,L2S3,47,"00:02:55,500 --> 00:02:56,540",Use abbreviations.,使用縮寫。,100,ok,,
Draft 1,L2S3,48,"00:02:57,000 --> 00:02:59,820",You have 10 minutes at the end of the test to transfer your answers.,測驗結束前，您有 10 分鐘的時間用於填寫答案。,35,needs_revision,測驗結束後，您有 10 分鐘的時間用於填寫答案。,[medium] terminology: None; [high] meaning_drift: None
Draft 1,L2S3,49,"00:03:00,280 --> 00:03:02,820",That is when you check your spelling and write the full word.,這時你就要檢查拼法並寫下完整單字。,80,minor_issues,,[medium] terminology: None
Draft 1,L2S3,50,"00:03:03,080 --> 00:03:05,860","During the listening, just get the idea down and keep moving.",在聽力練習期間，只需掌握大意並繼續往下進行。,100,ok,,
Draft 1,L2S3,51,"00:03:06,300 --> 00:03:08,440","Based on this strategy, answer this.",根據此策略作答。,100,ok,,
Draft 1,L2S3,52,"00:03:08,800 --> 00:03:11,980",Should you worry about perfect spelling while the audio is playing?,在音檔播放期間，你該擔心拼法是否完美嗎？,70,minor_issues,,[medium] terminology: None; [medium] terminology: None
Draft 1,L2S3,53,"00:03:14,190 --> 00:03:14,610",False.,錯誤。,100,ok,,
Draft 1,L2S3,54,"00:03:14,950 --> 00:03:16,630",Your priority is capturing the answer.,你的優先事項是捕捉答案。,100,ok,,
Draft 1,L2S3,55,"00:03:17,030 --> 00:03:18,730",Spelling is for the transfer time.,拼寫練習用於轉換時間。,35,needs_revision,拼寫用於轉換時間。,[medium] terminology: None; [high] meaning_drift: None
Draft 1,L2S3,56,"00:03:23,990 --> 00:03:26,550",Speed management is about keeping your brain free.,速度管理的重點在於保持大腦清醒。,80,minor_issues,,[medium] terminology: None
Draft 1,L2S3,57,"00:03:26,750 --> 00:03:28,150",Let's review our key ideas.,讓我們複習重點概念。,100,ok,,
Draft 1,L2S3,58,"00:03:28,370 --> 00:03:29,930","First, if you miss it, drop it.",首先，如果沒聽懂就放掉它。,87,minor_issues,,[low] style: None
Draft 1,L2S3,59,"00:03:30,070 --> 00:03:32,890","Second, if you get lost, listen for signposts.",第二，如果聽不懂，就留意路標。,45,needs_revision,第二，如果迷路，就留意路標。,[high] meaning_drift: None
Draft 1,L2S3,60,"00:03:33,010 --> 00:03:35,290","Finally, if it's a long word, abbreviate.",最後，如果是長字詞，請縮寫。,100,ok,,
Draft 1,L2S3,61,"00:03:35,430 --> 00:03:37,950",Keep moving forward and you will make it to the end.,繼續前進，你就能到達終點。,70,minor_issues,,[medium] terminology: None; [medium] terminology: None
Draft 1,L4S2,1,"00:00:05,020 --> 00:00:15,129","Hey guys, welcome back to our listening course.",嘿，大家好，歡迎回到我們的 listening course。,77,minor_issues,嘿，大家好，歡迎回到我們的 聽力課程。,[medium] terminology: None; [low] terminology: None
Draft 1,L4S2,2,"00:00:15,470 --> 00:00:18,750",Today we'll explore a learning method that helps,今天我們將探討一種學習方法，幫,45,needs_revision,今天我們將探討一種學習方法，幫助,[high] meaning_drift: None
Draft 1,L4S2,3,"00:00:18,750 --> 00:00:23,550",maximize your listening scores for the first question type: Completion.,助您最大化聽力測驗中第一題型的分數：填空題。,100,ok,,
Draft 1,L4S2,4,"00:00:24,010 --> 00:00:32,750","This question has four main types, form completion, table completion, sentence completion, and summary completion.",本題型共有四種主要類型：表單填寫、表格填寫、句子填寫與摘要填空。,30,needs_revision,本題型共有四種主要型別：表單填寫、表格填寫、句子填寫與摘要填空。,[high] terminology: None; [medium] terminology: None; [medium] terminology: None; [medium] terminology: None
Draft 1,L4S2,5,"00:00:32,750 --> 00:00:35,710","In this video, we'll get to know two",在本影片中，我們將認識兩位,100,ok,,
Draft 1,L4S2,6,"00:00:35,710 --> 00:00:40,550","question types, form completion and table completion,",題型，包含表單填寫與表格填寫，這,30,needs_revision,,[medium] terminology: None; [medium] terminology: None; [high] meaning_drift: None
Draft 1,L4S2,7,"00:00:40,550 --> 00:00:43,150",which often appear in part one of the listening test.,些通常出現在聽力測驗的第一部分。,87,minor_issues,這通常出現在聽力測驗的第一部分。,[low] grammar: None
Draft 1,L4S2,8,"00:00:43,650 --> 00:00:46,870",They are considered the easiest types to boost the listening score.,它們被視為最容易提升聽力分數的題型。,100,ok,,
Draft 1,L4S2,9,"00:00:48,050 --> 00:00:53,810","For this type of question, the missing information that needs filling in can be names of",此類題型的填空資訊可包含地點與人名、時間、日,30,needs_revision,此類題型中，需要補充的缺失資訊可能是以下名稱：,[medium] terminology: None; [medium] terminology: None; [medium] terminology: None; [high] meaning_drift: None
Draft 1,L4S2,10,"00:00:53,810 --> 00:00:59,650","places and people, time, date, hour, phone number, and house address.",期、時鐘時間、電話號碼及住宅地址。,45,needs_revision,,[high] meaning_drift: None
Draft 1,L4S2,11,"00:00:59,650 --> 00:01:07,560","To handle this question type, we'll have six steps to follow.",要應付此種題型，我們需遵循六個步驟。,80,minor_issues,,[medium] terminology: None
Draft 1,L4S2,12,"00:01:08,580 --> 00:01:12,540","Step one, read the instructions carefully and note",第一步：仔細閱讀說明，並注意字,30,needs_revision,第一步：仔細閱讀說明，並注意重點,[medium] terminology: None; [medium] terminology: None; [high] meaning_drift: None
Draft 1,L4S2,13,"00:01:12,540 --> 00:01:13,960",the word and number limit.,數與數字限制。,30,needs_revision,數與數位限制。,[high] terminology: None; [high] meaning_drift: None
Draft 1,L4S2,14,"00:01:14,360 --> 00:01:17,280","The instruction says, write no more than three words",指示說明：每個答案請勿超過三,42,needs_revision,請不要寫超過三個字個字,[high] meaning_drift: None; [low] missing_content: None
Draft 1,L4S2,15,"00:01:17,280 --> 00:01:20,240",and or a number for each answer.,個字詞或一個數字。,30,needs_revision,個字詞或一個數位。,[high] terminology: None; [high] meaning_drift: None
Draft 1,L4S2,16,"00:01:20,540 --> 00:01:24,020",This means the answer to be filled in is no more than three words and a number.,這表示所填寫的答案不得超過三個字詞和一個數字。,45,needs_revision,這表示所填寫的答案不得超過三個字詞和一個數位。,[high] terminology: None
Draft 1,L4S2,17,"00:01:24,380 --> 00:01:26,060",If you use more or less than the,若使用的字數多於或少於,87,minor_issues,若使用超過或少於,[low] collocation: None
Draft 1,L4S2,18,"00:01:26,060 --> 00:01:29,200","word limit, your answer will be marked as incorrect.",字數限制，您的答案將被標記為錯誤。,100,ok,,
Draft 1,L4S2,19,"00:01:29,420 --> 00:01:32,560",So check the word limit carefully for each question.,請仔細檢查每題的字數限制。,100,ok,,
Draft 1,L4S2,20,"00:01:33,440 --> 00:01:36,420","Step two, read the title to identify",第二步，閱讀標題以識別,80,minor_issues,,[medium] terminology: None
Draft 1,L4S2,21,"00:01:36,420 --> 00:01:38,620",the information we need to focus on.,我們需要著重的資訊。,80,minor_issues,,[medium] terminology: None
Draft 1,L4S2,22,"00:01:38,780 --> 00:01:41,480","Here, the title of this question is Karate",在此，本題的標題為 Karate,80,minor_issues,,[medium] terminology: None
Draft 1,L4S2,23,"00:01:41,480 --> 00:01:44,880","Center Registration Form, so we can predict that",報名表格，藉此推測內容,70,minor_issues,,[medium] terminology: None; [medium] terminology: None; [low] style: None
Draft 1,L4S2,24,"00:01:44,880 --> 00:01:48,220",the content is about signing up for karate classes.,與報名空手道課程有關。,80,minor_issues,,[medium] terminology: None
Draft 1,L4S2,25,"00:01:49,120 --> 00:01:51,660","Step three, underline keywords.",第三步，標註關鍵字。,35,needs_revision,第三步，畫線關鍵字。,[medium] terminology: None; [high] meaning_drift: None
Draft 1,L4S2,26,"00:01:52,240 --> 00:01:56,520","In the previous lesson, we already learned how to identify keywords.",在上一堂課中，我們已經學會如何識別關鍵字。,100,ok,,
Draft 1,L4S2,27,"00:01:57,040 --> 00:01:59,920",Keywords are words that play an important part,關鍵字是在句子中扮演重要角,35,needs_revision,關鍵字是在句子中扮演重要的角色,[medium] terminology: None; [high] meaning_drift: None
Draft 1,L4S2,28,"00:01:59,920 --> 00:02:03,540","in a sentence, carrying the main content of that sentence.",色的詞彙，承載著該句子的主要內容。,39,needs_revision,詞彙，承載該句的主要內容。,[high] meaning_drift: None; [low] collocation: None; [low] style: None
Draft 1,L4S2,29,"00:02:04,270 --> 00:02:08,180","Keywords are often nouns, verbs, and adjectives, and",關鍵字通常是名詞、動詞和形容詞，而非介系詞,42,needs_revision,,[high] meaning_drift: None; [low] typo: None
Draft 1,L4S2,30,"00:02:08,180 --> 00:02:16,380","not prepositions such as to, from, and at, or articles such as a, an, and the.",如 to、from 和 at，或冠詞如 a、an 和 the。,70,minor_issues,,[medium] terminology: None; [medium] terminology: None
Draft 1,L4S2,31,"00:02:16,820 --> 00:02:18,820",So what are the keywords in this form?,那麼，這份表單中的關鍵字為何？,80,minor_issues,,[medium] terminology: None
Draft 1,L4S2,32,"00:02:19,300 --> 00:02:23,160","First, the keyword is in the title Karate and Registration.",首先，關鍵字位於標題「Karate」和「Registration」中。,80,minor_issues,,[medium] terminology: None
Draft 1,L4S2,33,"00:02:23,420 --> 00:02:27,800","Other keywords are name, date of birth, address,",其他關鍵字包括 name、date of birth、address、phon,30,needs_revision,其他關鍵字包括 name、出生日期、地址、phon,[medium] terminology: None; [medium] terminology: None; [medium] terminology: None; [medium] terminology: None; [high] meaning_drift: None
Draft 1,L4S2,34,"00:02:28,180 --> 00:02:30,780","phone number, experience, and medical.",e number、experience 和 medical。,30,needs_revision,電話號碼、經驗 和 醫療。,[medium] terminology: None; [medium] terminology: None; [high] meaning_drift: None; [low] script: None; [low] script: None
Draft 1,L4S2,35,"00:02:31,180 --> 00:02:37,240","In the last sentence, the keywords are how, you, here, us.",在最後一句中，關鍵字是 how、you、here、us。,80,minor_issues,,[medium] terminology: None
Draft 1,L4S2,36,"00:02:38,200 --> 00:02:43,280","After underlining keywords, we'll move on to step four, predict the answer.",標註出關鍵字後，我們將進入第四步：預測答案。,80,minor_issues,,[medium] terminology: None
Draft 1,L4S2,37,"00:02:43,660 --> 00:02:46,780",We need to predict which part of speech each gap needs.,我們需要預測每個空格所需的詞性（part of speech）。,100,ok,,
Draft 1,L4S2,38,"00:02:47,060 --> 00:02:51,460","Should it be a verb, a noun, an adjective, an adverb, or a number?",應該是動詞（verb）、名詞、形容詞、副詞，還是數字？,45,needs_revision,應該是動詞（verb）、名詞、形容詞、副詞，還是數位？,[high] terminology: None
Draft 1,L4S2,39,"00:02:51,460 --> 00:02:53,360",Let's take a look at these questions.,我們來看看這些問題。,100,ok,,
Draft 1,L4S2,40,"00:02:54,060 --> 00:02:57,100","Question one needs a family or surname,",第一題需要填寫 family 或 surname。,80,minor_issues,,[medium] terminology: None
Draft 1,L4S2,41,"00:02:57,100 --> 00:02:59,780",which will likely be spelled out in the recording.,這部分可能會在錄音中寫出。,77,minor_issues,這部分可能會在錄音中記錄。,[medium] terminology: None; [low] collocation: None
Draft 1,L4S2,42,"00:03:00,200 --> 00:03:02,840","In question two, we need to listen for",第二題需要聽出地址,35,needs_revision,第二題需要聽出內容,[medium] terminology: None; [high] meaning_drift: None
Draft 1,L4S2,43,"00:03:02,840 --> 00:03:07,020","an address, which includes the name of the street or road.",，包含街道或道路的英文名稱。,70,minor_issues,,[medium] terminology: None; [medium] terminology: None
Draft 1,L4S2,44,"00:03:07,280 --> 00:03:11,640",We may expect both spellings of names and numbers in this blank.,此空白處可能需要填寫人名和數字的兩種拼法。,35,needs_revision,此空白處可能需要填寫人名和數位的兩種拼法。,[high] terminology: None; [medium] terminology: None
Draft 1,L4S2,45,"00:03:12,000 --> 00:03:16,200","In question three, you will need to listen for the rest of the phone number.",第三題需要聽出電話號碼的其餘部分。,100,ok,,
Draft 1,L4S2,46,"00:03:16,400 --> 00:03:19,920","In question four, we are looking for a medical condition.",第四題需要聽出醫學狀況。,87,minor_issues,第四題需要聽出疾病。,[low] terminology: None
Draft 1,L4S2,47,"00:03:19,920 --> 00:03:22,500","When you see this on a form,",當你在表單上看到此,77,minor_issues,當你在表單上看到這個,[medium] terminology: None; [low] collocation: None
Draft 1,L4S2,48,"00:03:22,500 --> 00:03:26,040",you should prepare yourself to hear nouns or adjectives,項時，你應該準備好聽出與健康問題相關,30,needs_revision,你應該準備好聽懂名詞或形容詞,[medium] terminology: None; [medium] terminology: None; [high] meaning_drift: None
Draft 1,L4S2,49,"00:03:26,040 --> 00:03:27,900",related to health problems.,的名詞或形容詞。,35,needs_revision,與健康問題有關。,[medium] terminology: None; [high] meaning_drift: None
Draft 1,L4S2,50,"00:03:28,400 --> 00:03:32,500","Common answers often include things like allergies, or",常見答案通常包含過敏症，或,100,ok,,
Draft 1,L4S2,51,"00:03:32,500 --> 00:03:35,480",perhaps an injury like a back problem.,可能是像背部問題這樣的傷害。,100,ok,,
Draft 1,L4S2,52,"00:03:35,800 --> 00:03:38,820",Listen carefully for the speaker mentioning anything,仔細聆聽講者提及他們可能遭受的任,42,needs_revision,仔細聆聽講者提及他們可能遭受的任何事,[low] style: None; [high] meaning_drift: None
Draft 1,L4S2,53,"00:03:38,820 --> 00:03:43,020","they suffer from, or any health issues they might have.",何症狀，或可能存在的任何健康問題。,45,needs_revision,哪些症狀，或可能存在的任何健康問題。,[high] meaning_drift: None
Draft 1,L4S2,54,"00:03:43,640 --> 00:03:49,000","Remember to check your spelling carefully, as medical terms can sometimes be tricky.",記得仔細檢查拼字，因為醫學相關詞彙有時可能相當棘手。,77,minor_issues,記得仔細檢查拼法，因為醫學相關詞彙有時可能相當棘手。,[medium] terminology: None; [low] terminology: None
Draft 1,L4S2,55,"00:03:49,600 --> 00:03:54,980","Finally, for question five, the prompt asks, how did you hear about us?",最後，第五題的題目是：您是如何得知我們的？,100,ok,,
Draft 1,L4S2,56,"00:03:55,600 --> 00:04:00,140",This blank requires you to identify the source of information.,此空白處要求您找出資訊來源。,100,ok,,
Draft 1,L4S2,57,"00:04:00,940 --> 00:04:06,180","In the recording, this can usually be a specific channel of communication.",在錄音中，這通常可以是特定的溝通管道。,100,ok,,
Draft 1,L4S2,58,"00:04:07,400 --> 00:04:15,320","You should listen for keywords like advertisement, newspaper, social media, or perhaps a friend.",您應該留意像是廣告、報紙、社群媒體或朋友等關鍵字。,80,minor_issues,,[medium] terminology: None
Draft 1,L4S2,59,"00:04:16,100 --> 00:04:17,779",Have you got the information needed?,您已取得所需的資訊嗎？,100,ok,,
Draft 1,L4S2,60,"00:04:18,220 --> 00:04:20,079",Let's move on to step five.,我們繼續進行第五步。,80,minor_issues,,[medium] terminology: None
Draft 1,L4S2,61,"00:04:20,440 --> 00:04:22,980",Listen to the recording and find the words,聆聽錄音，找出具有相同,45,needs_revision,聆聽錄音，找出單字,[high] meaning_drift: None
Draft 1,L4S2,62,"00:04:22,980 --> 00:04:25,760",that have the same meaning or paraphrases.,意思或同義轉述的單字。,70,minor_issues,,[medium] terminology: None; [medium] terminology: None
Draft 1,L4S2,63,"00:04:26,000 --> 00:04:27,960",This step is very important.,這一步驟非常重要。,100,ok,,
Draft 1,L4S2,64,"00:04:28,480 --> 00:04:30,840","During the listening test, we need to find",在聽力測驗中，我們需要從錄音中,35,needs_revision,在聽力測驗中，我們需要找出,[medium] terminology: None; [high] meaning_drift: None
Draft 1,L4S2,65,"00:04:30,840 --> 00:04:34,560",paraphrases or words in the recording that have,找出同義轉述或具有相同意思的單字。,30,needs_revision,,[medium] terminology: None; [medium] terminology: None; [high] meaning_drift: None
Draft 1,L4S2,66,"00:04:34,560 --> 00:04:37,400",the same meaning with keywords in the question.,與問題中的關鍵字具有相同的意思。,80,minor_issues,,[medium] terminology: None
Draft 1,L4S2,67,"00:04:38,160 --> 00:04:40,800","And then step six, write down the answer",接著進行第六步，寫下答,30,needs_revision,接著進行第六步，寫下答案,[medium] terminology: None; [medium] terminology: None; [high] meaning_drift: None
Draft 1,L4S2,68,"00:04:40,800 --> 00:04:42,700",and don't forget to check the spelling.,案，別忘了檢查拼字。,87,minor_issues,，別忘了檢查拼字。,[low] typo: None
Draft 1,L4S2,69,"00:04:43,200 --> 00:04:48,140",Now let's listen carefully to the recording and write down the answers on your paper.,現在請仔細聆聽錄音，並將答案寫在紙上。,100,ok,,
Draft 1,L4S2,70,"00:04:49,320 --> 00:04:51,300","Good morning, Karama Karate Center.",早安，卡拉瑪空手道中心。,80,minor_issues,,[medium] terminology: None
Draft 1,L4S2,71,"00:04:51,620 --> 00:04:52,700",How can I help you today?,今天我能為您提供什麼協助？,100,ok,,
Draft 1,L4S2,72,"00:04:53,260 --> 00:04:56,500","Hi, I'd like to ask about your karate classes, please.",您好，我想諮詢關於您的空手道課程。,100,ok,,
Draft 1,L4S2,73,"00:04:56,940 --> 00:04:57,660",Of course.,當然。,70,minor_issues,,[low] style: None; [medium] terminology: None; [medium] terminology: None
Draft 1,L4S2,74,"00:04:58,000 --> 00:05:00,560",Are you registering for you or your family members?,您是為本人還是為您的家人進行註冊？,80,minor_issues,,[medium] terminology: None
Draft 1,L4S2,75,"00:05:01,160 --> 00:05:01,660",For me.,對我來說。,100,ok,,
Draft 1,L4S2,76,"00:05:02,300 --> 00:05:02,960","All right, sir.",好的，先生。,80,minor_issues,,[medium] terminology: None
Draft 1,L4S2,77,"00:05:03,460 --> 00:05:05,440","First, I need to get your basic information.",首先，我需要取得您的基本資訊。,100,ok,,
Draft 1,L4S2,78,"00:05:05,920 --> 00:05:07,140","May I have your name, please?",請問您的姓名是？,100,ok,,
Draft 1,L4S2,79,"00:05:07,660 --> 00:05:09,600","Yes, it's Philip Devon.",是的，我是 Philip Devon。,100,ok,,
Draft 1,L4S2,80,"00:05:10,160 --> 00:05:13,280",Is that D-E-V-O-N?,是 D-E-V-O-N 嗎？,100,ok,,
Draft 1,L4S2,81,"00:05:13,900 --> 00:05:17,760","No, it's D-E-V-A-U-G-H-N.",不是，是 D-E-V-A-U-G-H-N。,100,ok,,
Draft 1,L4S2,82,"00:05:18,160 --> 00:05:19,500","Sorry, it's a bit complicated.",抱歉，這有點複雜。,100,ok,,
Draft 1,L4S2,83,"00:05:19,760 --> 00:05:20,260",I'm Irish.,我是愛爾蘭人。,87,minor_issues,,[low] style: None
Draft 1,L4S2,84,"00:05:20,920 --> 00:05:21,300",Got it.,了解了。,45,needs_revision,瞭解了。,[high] terminology: None
Draft 1,L4S2,85,"00:05:21,400 --> 00:05:21,900",Thank you.,謝謝。,100,ok,,
Draft 1,L4S2,86,"00:05:22,200 --> 00:05:23,300",And your date of birth?,您的出生日期為何？,100,ok,,
Draft 1,L4S2,87,"00:05:23,920 --> 00:05:27,220","It's the 31st of October, 1997.",這是1997年10月31日。,100,ok,,
Draft 1,L4S2,88,"00:05:28,060 --> 00:05:29,180","Oh, it's on Halloween.",喔，是在萬聖節。,100,ok,,
Draft 1,L4S2,89,"00:05:29,920 --> 00:05:30,320",Yes.,是。,100,ok,,
Draft 1,L4S2,90,"00:05:30,520 --> 00:05:30,760",Haha.,哈哈。,100,ok,,
Draft 1,L4S2,91,"00:05:31,380 --> 00:05:33,000","Now, could you give me your address?",請問，可以給我你的地址嗎？,100,ok,,
Draft 1,L4S2,92,"00:05:33,860 --> 00:05:38,340","Yes, I live at 1705 County Road 44.",是的，我住在縣道 44 號 1705 巷。,45,needs_revision,是的，我住在縣道44號1705號。,[high] meaning_drift: None
Draft 1,L4S2,93,"00:05:38,340 --> 00:05:40,820",Is that near Burlington Avenue?,是在伯靈頓大道附近嗎？,100,ok,,
Draft 1,L4S2,94,"00:05:41,560 --> 00:05:41,840",Yes.,是的。,100,ok,,
Draft 1,L4S2,95,"00:05:42,040 --> 00:05:44,200",You make a left turn there and there's my house.,到那裡後往左轉，那裡就是我家。,100,ok,,
Draft 1,L4S2,96,"00:05:44,660 --> 00:05:46,060","And your phone number, please?",請告訴我您的電話號碼？,100,ok,,
Draft 1,L4S2,97,"00:05:46,720 --> 00:05:54,420",It's plus 352-300-797516.,是加 352-300-797516。,100,ok,,
Draft 1,L4S2,98,"00:05:55,120 --> 00:05:55,660",Great.,太好了。,100,ok,,
Draft 1,L4S2,99,"00:05:56,140 --> 00:05:58,460",Have you ever taken martial arts classes before?,你以前上過武術課嗎？,100,ok,,
Draft 1,L4S2,100,"00:05:58,900 --> 00:06:00,180","No, I haven't.",沒有，我沒有。,100,ok,,
Draft 1,L4S2,101,"00:06:00,280 --> 00:06:01,520",This will be my first time.,這將是我的第一次。,100,ok,,
Draft 1,L4S2,102,"00:06:01,840 --> 00:06:02,620",That's fine.,這樣就好。,100,ok,,
Draft 1,L4S2,103,"00:06:02,960 --> 00:06:05,400",Do you have any medical history or conditions,您是否有可能影響您參與,35,needs_revision,您是否有醫療病史或狀況,[medium] terminology: None; [high] meaning_drift: None
Draft 1,L4S2,104,"00:06:05,400 --> 00:06:08,940",that could affect your ability to participate in contact sports?,接觸性運動能力的醫療史或病史？,45,needs_revision,會影響您參與接觸性運動的能力嗎？,[high] meaning_drift: None
Draft 1,L4S2,105,"00:06:09,340 --> 00:06:13,240","I sometimes get headaches, but they are usually because of work stress.",我偶爾會頭痛，但通常是由於工作壓力所致。,87,minor_issues,,[low] style: None
Draft 1,L4S2,106,"00:06:13,580 --> 00:06:14,900",They won't affect my performance.,他們不會影響我的表現。,100,ok,,
Draft 1,L4S2,107,"00:06:15,620 --> 00:06:16,700",Thank you for letting me know.,謝謝您告知。,100,ok,,
Draft 1,L4S2,108,"00:06:16,940 --> 00:06:20,340","If you ever feel unwell during practice, just let us know.",如果您在練習期間感到不適，請隨時告知我們。,100,ok,,
Draft 1,L4S2,109,"00:06:20,740 --> 00:06:23,700","Last but not least, how did you hear about our center?",最後，請問您是如何得知我們中心的？,80,minor_issues,,[medium] terminology: None
Draft 1,L4S2,110,"00:06:24,340 --> 00:06:25,860","From a colleague, actually.",實際上，是從一位同事那裡得知的。,100,ok,,
Draft 1,L4S2,111,"00:06:26,320 --> 00:06:29,100",They recently started karate and recommended your center.,他們最近剛開始學習空手道，並推薦了您的中心。,100,ok,,
Draft 1,L4S2,112,"00:06:29,620 --> 00:06:31,760",Do you by chance know Adrian Rodriguez?,請問你剛好認識 Adrian Rodriguez 嗎？,100,ok,,
Draft 1,L4S2,113,"00:06:32,580 --> 00:06:33,280","Ah, yes.",啊，是的。,100,ok,,
Draft 1,L4S2,114,"00:06:33,460 --> 00:06:34,960",He's in the blue belt class.,他在藍帶班。,100,ok,,
Draft 1,L4S2,115,"00:06:35,560 --> 00:06:36,280","Wow, really?",哇，真的嗎？,100,ok,,
Draft 1,L4S2,116,"00:06:36,280 --> 00:06:38,440","Man, I don't know that he's that good.",哇，我不覺得他有那麼厲害。,80,minor_issues,,[medium] terminology: None
Draft 1,L4S2,117,"00:06:39,200 --> 00:06:40,220",Did you get all of them?,你全部拿到了嗎？,100,ok,,
Draft 1,L4S2,118,"00:06:40,400 --> 00:06:42,080",Now let's check the answers together.,現在我們一起來檢查答案。,80,minor_issues,,[medium] terminology: None
Draft 1,L4S2,119,"00:06:42,340 --> 00:06:44,540",Here's the transcript for today's recording.,這是今天錄音的逐字稿。,80,minor_issues,,[medium] terminology: None
Draft 1,L4S2,120,"00:06:44,780 --> 00:06:47,260",Let's listen again and locate the answer.,我們再聽一次，並找出答案。,100,ok,,
Draft 1,L4S2,121,"00:06:48,300 --> 00:06:50,380","Good morning, Karama Karate Center.",早安，Karama Karate Center。,70,minor_issues,,[medium] terminology: None; [medium] terminology: None
Draft 1,L4S2,122,"00:06:50,720 --> 00:06:51,820",How can I help you today?,請問今天有什麼我可以為您服務的嗎？,100,ok,,
Draft 1,L4S2,123,"00:06:52,380 --> 00:06:55,600","Hi, I'd like to ask about your karate classes, please.",你好，請問我想諮詢貴中心的空手道課程。,100,ok,,
Draft 1,L4S2,124,"00:06:55,960 --> 00:06:56,760",Of course.,當然。,70,minor_issues,,[low] style: None; [medium] terminology: None; [medium] terminology: None
Draft 1,L4S2,125,"00:06:57,100 --> 00:06:59,660",Are you registering for you or your family members?,請問是為您本人報名，還是為您的家人報名？,100,ok,,
Draft 1,L4S2,126,"00:07:00,240 --> 00:07:00,760",For me.,我自己來。,45,needs_revision,對我來說。,[high] meaning_drift: None
Draft 1,L4S2,127,"00:07:01,440 --> 00:07:02,060","All right, sir.",好的，先生。,80,minor_issues,,[medium] terminology: None
Draft 1,L4S2,128,"00:07:02,540 --> 00:07:04,540","First, I need to get your basic information.",首先，我需要取得您的基本資訊。,100,ok,,
Draft 1,L4S2,129,"00:07:04,540 --> 00:07:06,260","May I have your name, please?",請問您怎麼稱呼？,100,ok,,
Draft 1,L4S2,130,"00:07:06,980 --> 00:07:08,720","Yes, it's Philip Devon.",是的，我是 Philip Devon。,100,ok,,
Draft 1,L4S2,131,"00:07:09,020 --> 00:07:12,380",Is that D-E-V-O-N?,是 D-E-V-O-N 嗎？,100,ok,,
Draft 1,L4S2,132,"00:07:12,940 --> 00:07:16,860","No, it's D-E-V-A-U-G-H-N.",不，是 D-E-V-A-U-G-H-N。,100,ok,,
Draft 1,L4S2,133,"00:07:17,260 --> 00:07:18,600","Sorry, it's a bit complicated.",不好意思，這有點複雜。,100,ok,,
Draft 1,L4S2,134,"00:07:18,840 --> 00:07:19,360",I'm Irish.,我是 Irish。,45,needs_revision,我是 愛爾蘭人。,[high] meaning_drift: None
Draft 1,L4S2,135,"00:07:20,020 --> 00:07:20,400",Got it.,了解了。,45,needs_revision,瞭解了。,[high] terminology: None
Draft 1,L4S2,136,"00:07:20,560 --> 00:07:21,000",Thank you.,謝謝。,100,ok,,
Draft 1,L4S2,137,"00:07:21,340 --> 00:07:22,400",And your date of birth?,您的出生日期為何？,100,ok,,
Draft 1,L4S2,138,"00:07:23,040 --> 00:07:26,320","It's the 31st of October, 1997.",這是1997年10月31日。,100,ok,,
Draft 1,L4S2,139,"00:07:26,920 --> 00:07:28,280","Oh, it's on Halloween.",哦，那天是萬聖節。,100,ok,,
Draft 1,L4S2,140,"00:07:29,000 --> 00:07:29,440",Yes.,是的。,100,ok,,
Draft 1,L4S2,141,"00:07:30,300 --> 00:07:32,100","Now, could you give me your address?",現在，可以給我你的地址嗎？,100,ok,,
Draft 1,L4S2,142,"00:07:32,100 --> 00:07:32,400",Yes.,是。,100,ok,,
Draft 1,L4S2,143,"00:07:33,680 --> 00:07:37,460",I live at 1705 County Road 44.,我住在縣道44號1705號。,100,ok,,
Draft 1,L4S2,144,"00:07:38,200 --> 00:07:39,900",Is that near Burlington Avenue?,那裡靠近伯靈頓大道嗎？,100,ok,,
Draft 1,L4S2,145,"00:07:40,540 --> 00:07:40,940",Yes.,是的。,100,ok,,
Draft 1,L4S2,146,"00:07:41,140 --> 00:07:43,300",You make a left turn there and there's my house.,你在那裡左轉，那裡就是我的家。,80,minor_issues,,[medium] terminology: None
Draft 1,L4S2,147,"00:07:43,740 --> 00:07:45,160","And your phone number, please?",請給我您的電話號碼。,100,ok,,
Draft 1,L4S2,148,"00:07:45,780 --> 00:07:53,520",It's plus 352-300-797516.,是 352-300-797516。,100,ok,,
Draft 1,L4S2,149,"00:07:54,220 --> 00:07:54,760",Great.,太好了。,100,ok,,
Draft 1,L4S2,150,"00:07:55,240 --> 00:07:57,580",Have you ever taken martial arts classes before?,你以前上過武術課嗎？,100,ok,,
Draft 1,L4S2,151,"00:07:58,040 --> 00:07:59,280","No, I haven't.",沒有，我沒有。,100,ok,,
Draft 1,L4S2,152,"00:07:59,400 --> 00:08:00,620",This will be my first time.,這將是我的第一次。,100,ok,,
Draft 1,L4S2,153,"00:08:01,120 --> 00:08:01,720",That's fine.,沒問題。,100,ok,,
Draft 1,L4S2,154,"00:08:01,720 --> 00:08:04,520",Do you have any medical history or conditions,您是否有任何可能影響您,35,needs_revision,您是否有醫療病史或症狀,[medium] terminology: None; [high] meaning_drift: None
Draft 1,L4S2,155,"00:08:04,520 --> 00:08:08,020",that could affect your ability to participate in contact sports?,參與接觸性運動能力的病史或症狀？,45,needs_revision,會影響你參與接觸性運動的能力嗎？,[high] meaning_drift: None
Draft 1,L4S2,156,"00:08:08,780 --> 00:08:12,340","I sometimes get headaches, but they are usually because of work stress.",我有時候會頭痛，但是通常是因為工作壓力。,100,ok,,
Draft 1,L4S2,157,"00:08:12,660 --> 00:08:14,020",They won't affect my performance.,它們不會影響我的表現。,100,ok,,
Draft 1,L4S2,158,"00:08:14,720 --> 00:08:15,780",Thank you for letting me know.,謝謝您讓我知道。,100,ok,,
Draft 1,L4S2,159,"00:08:16,080 --> 00:08:19,440","If you ever feel unwell during practice, just let us know.",如果您在練習期間有任何不適，請隨時告訴我們。,70,minor_issues,,[medium] terminology: None; [medium] terminology: None
Draft 1,L4S2,160,"00:08:19,960 --> 00:08:22,800","Last but not least, how did you hear about our center?",最後，您是如何得知我們中心的？,80,minor_issues,,[medium] terminology: None
Draft 1,L4S2,161,"00:08:23,440 --> 00:08:24,960","From a colleague, actually.",其實是從同事那裡得知的。,100,ok,,
Draft 1,L4S2,162,"00:08:25,380 --> 00:08:28,200",They recently started karate and recommended your center.,他們最近剛開始學空手道，並推薦了您的中心。,80,minor_issues,,[medium] terminology: None
Draft 1,L4S2,163,"00:08:28,720 --> 00:08:30,860",Do you by chance know Adrian Rodriguez?,你有認識 Adrian Rodriguez 嗎？,100,ok,,
Draft 1,L4S2,164,"00:08:30,860 --> 00:08:32,380","Ah, yes.",啊，是的。,100,ok,,
Draft 1,L4S2,165,"00:08:32,600 --> 00:08:34,080",He's in the blue belt class.,他在藍帶班。,100,ok,,
Draft 1,L4S2,166,"00:08:34,679 --> 00:08:35,340","Wow, really?",哇，真的嗎？,100,ok,,
Draft 1,L4S2,167,"00:08:35,940 --> 00:08:37,520","Man, I don't know that he's that good.",哇，真的嗎？天啊，我不認為他那麼厲害。,80,minor_issues,,[medium] terminology: None
Draft 1,L4S2,168,"00:08:38,159 --> 00:08:40,419","As you can see for question one,",如您在 question o,70,minor_issues,,[medium] terminology: None; [medium] terminology: None; [low] style: None
Draft 1,L4S2,169,"00:08:40,419 --> 00:08:42,460",the answer is spelled out for you.,ne 中所見，答案已為您寫明。,77,minor_issues,,[medium] terminology: None; [low] style: None
Draft 1,L4S2,170,"00:08:42,860 --> 00:08:45,340",Listening to spelling in listening part one is,在 listening part one 中聽寫單字是,70,minor_issues,,[medium] terminology: None; [medium] terminology: None; [low] style: None
Draft 1,L4S2,171,"00:08:45,340 --> 00:08:47,900",a skill you should practice to ensure,這是一個您應該練習的技巧，,77,minor_issues,,[medium] terminology: None; [low] style: None
Draft 1,L4S2,172,"00:08:47,900 --> 00:08:50,000",you don't lose points for these questions.,以確保不會因為這些題目而失分。,77,minor_issues,,[medium] terminology: None; [low] style: None
Draft 1,L4S2,173,"00:08:50,300 --> 00:08:53,220",Question two can be quite tricky since,Question two 可能,70,minor_issues,第二題 可能,[medium] terminology: None; [medium] terminology: None; [low] style: None
Draft 1,L4S2,174,"00:08:53,220 --> 00:08:57,100",the name of the road is not spelled out in the recording.,相當棘手，因為道路名稱並未在錄音中拼寫出來。,87,minor_issues,,[low] style: None
Draft 1,L4S2,175,"00:08:57,100 --> 00:09:02,760","Therefore, you should practice spelling proper names based on their pronunciation.",因此，您應該根據發音來練習拼寫專有名詞。,70,minor_issues,,[medium] terminology: None; [medium] terminology: None
Draft 1,L4S2,176,"00:09:03,460 --> 00:09:06,920","From the pronunciation as county, we can write",根據發音，我們可以將道路名稱拼寫為 C,77,minor_issues,,[medium] terminology: None; [low] style: None
Draft 1,L4S2,177,"00:09:06,920 --> 00:09:13,180","the name of the road as C-O -U-N-T-Y, similar to the word count.",-O -U-N-T-Y，類似於 count 這個字。,70,minor_issues,,[medium] terminology: None; [medium] terminology: None
Draft 1,L4S2,178,"00:09:14,040 --> 00:09:17,320","Question three, the numbers are spelled out and",Question three，數,30,needs_revision,第三題，數,[medium] terminology: None; [medium] terminology: None; [high] meaning_drift: None
Draft 1,L4S2,179,"00:09:17,320 --> 00:09:20,740",there is no correction of information in the recording.,字已拼寫出來，錄音中沒有更正任何資訊。,30,needs_revision,,[medium] terminology: None; [medium] terminology: None; [high] meaning_drift: None
Draft 1,L4S2,180,"00:09:20,740 --> 00:09:24,920","Question four, when the receptionist asked about any",第四題，當櫃檯人員詢問是否有任何,80,minor_issues,,[medium] terminology: None
Draft 1,L4S2,181,"00:09:24,920 --> 00:09:29,240","medical history or conditions, Philip mentioned that sometimes",關於病史或病情，Philip 提到他有,87,minor_issues,,[low] style: None
Draft 1,L4S2,182,"00:09:29,240 --> 00:09:30,320",he has headaches.,時會頭痛。,87,minor_issues,他會頭痛。,[low] style: None
Draft 1,L4S2,183,"00:09:31,000 --> 00:09:33,880",Make sure that you have an S at the end.,請確保末尾有 S。,100,ok,,
Draft 1,L4S2,184,"00:09:34,240 --> 00:09:37,900","And question five, Philip mentioned that he heard",第五題，Philip 提到他是從一位,87,minor_issues,,[low] style: None
Draft 1,L4S2,185,"00:09:37,900 --> 00:09:40,300",about the center from a colleague.,同事那裡聽說這個中心的。,100,ok,,
Draft 1,L4S2,186,"00:09:40,760 --> 00:09:43,540",The word colleague is quite a long word,「colleague」這個詞相當長,70,minor_issues,「同事」這個詞相當長,[medium] terminology: None; [medium] terminology: None
Draft 1,L4S2,187,"00:09:43,540 --> 00:09:45,780",and can be tricky for some students.,，對某些學生來說可能有點棘手。,80,minor_issues,,[medium] terminology: None
Draft 1,L4S2,188,"00:09:45,780 --> 00:09:49,100",Make sure to check your spelling carefully after,作答後，請務必仔細檢,30,needs_revision,作答後，請務必仔細檢查,[medium] terminology: None; [medium] terminology: None; [high] meaning_drift: None
Draft 1,L4S2,189,"00:09:49,100 --> 00:09:50,320",writing the answers.,查拼字。,45,needs_revision,寫答案。,[high] meaning_drift: None
Draft 1,L4S2,190,"00:09:56,110 --> 00:09:58,810","Now, let's apply the same six steps to",現在，讓我們將相同的六個步驟套用至,100,ok,,
Draft 1,L4S2,191,"00:09:58,810 --> 00:10:01,610",the rest of the recording and complete this table.,繼續聆聽剩餘的錄音，並完成這個表格。,80,minor_issues,,[medium] terminology: None
Draft 1,L4S2,192,"00:10:01,990 --> 00:10:05,330","First, from the requirement, we understand that",首先，根據要求，我們了解到,45,needs_revision,首先，根據要求，我們瞭解到,[high] terminology: None
Draft 1,L4S2,193,"00:10:05,330 --> 00:10:08,470",our answer in each blank cannot be longer than,每個空格的答案不能超過兩個字,35,needs_revision,每個空格的答案長度不能超過,[medium] terminology: None; [high] meaning_drift: None
Draft 1,L4S2,194,"00:10:08,470 --> 00:10:09,910",two words and a number.,和一個數字。,30,needs_revision,和一個數位。,[high] terminology: None; [high] meaning_drift: None
Draft 1,L4S2,195,"00:10:11,010 --> 00:10:16,110","Step two, since this is the second half of the recording that we listened to earlier,",第二步，因為這是我們剛才聽過的錄音的第二部分，,100,ok,,
Draft 1,L4S2,196,"00:10:16,110 --> 00:10:19,350",we already knew that the recording is about,我們已經知道這段錄音是關於一位名,45,needs_revision,我們已經知道這段錄音是關於什麼,[high] meaning_drift: None
Draft 1,L4S2,197,"00:10:19,350 --> 00:10:22,530",a man named Philip calling to register for,叫 Philip 的男士致電註,35,needs_revision,叫 Philip 的男士致電註冊,[medium] terminology: None; [high] meaning_drift: None
Draft 1,L4S2,198,"00:10:22,530 --> 00:10:24,390",classes at a karate center.,冊空手道中心的課程。,87,minor_issues,空手道中心的課程。,[low] typo: None
Draft 1,L4S2,199,"00:10:25,110 --> 00:10:28,910","For step three, here are the keywords that I underlined.",第三步，以下是我畫底線的關鍵字。,100,ok,,
Draft 1,L4S2,200,"00:10:29,410 --> 00:10:35,250","Total, first, payment, class days, only, notes, go,",總計、首次、付款、上課天數、僅限、備註、前往，,100,ok,,
Draft 1,L4S2,201,"00:10:35,690 --> 00:10:43,090","classes, cancellation, fee, dropout, rules, no food, drink, accept.",課程、取消、費用、退學、規定、禁止飲食、受理。,100,ok,,
Draft 1,L4S2,202,"00:10:44,270 --> 00:10:46,510","Now, it's your turn to do step four,",現在輪到你了，請進行第四,35,needs_revision,現在輪到你了，請進行第四步,[medium] terminology: None; [high] meaning_drift: None
Draft 1,L4S2,203,"00:10:46,830 --> 00:10:49,570",predicting the type of information in each blank.,步：預測每個空格中的資訊類型。,30,needs_revision,步：預測每個空格中的資訊型別。,[high] terminology: None; [medium] terminology: None; [medium] terminology: None
Draft 1,L4S2,204,"00:10:50,110 --> 00:10:52,450","Now, let's listen and write down the answers.",現在，請聆聽並寫下答案。,100,ok,,
Draft 1,L4S2,205,"00:10:53,890 --> 00:10:56,170","Now, let me just run through some more",現在，讓我再快速講解一些內容。,100,ok,,
Draft 1,L4S2,206,"00:10:56,170 --> 00:11:00,430","important information regarding classes, tuition fees, and our policy.",關於課程、學費及我們政策的詳細資訊。,100,ok,,
Draft 1,L4S2,207,"00:11:01,050 --> 00:11:01,510",All right.,好的。,80,minor_issues,,[medium] terminology: None
Draft 1,L4S2,208,"00:11:02,050 --> 00:11:06,310","For the beginner class with no prior training, the fee is $60.",對於沒有先前基礎的初級班，學費為 60 美元。,100,ok,,
Draft 1,L4S2,209,"00:11:07,130 --> 00:11:07,690",OK.,好的。,100,ok,,
Draft 1,L4S2,210,"00:11:08,050 --> 00:11:09,830",Does that include uniforms as well?,那也包括制服嗎？,77,minor_issues,,[low] style: None; [medium] terminology: None
Draft 1,L4S2,211,"00:11:09,830 --> 00:11:13,830","No, you have to pay another $45 for that.",不行，那筆費用需要額外支付 45 美元。,70,minor_issues,,[medium] terminology: None; [medium] terminology: None
Draft 1,L4S2,212,"00:11:14,510 --> 00:11:18,050","So, in total, I have to pay $105, right?",所以，總共我需要支付 105 美元，對吧？,70,minor_issues,,[medium] terminology: None; [medium] terminology: None
Draft 1,L4S2,213,"00:11:18,670 --> 00:11:19,710","Yes, that's correct.",是的，沒錯。,100,ok,,
Draft 1,L4S2,214,"00:11:20,170 --> 00:11:22,790","Just a note, we don't accept cash payments",備註：我們不接受現金付款，且,32,needs_revision,,[low] style: None; [medium] terminology: None; [high] meaning_drift: None
Draft 1,L4S2,215,"00:11:22,790 --> 00:11:25,230",and you must pay all the fees at,您必須繳清所有費用。,30,needs_revision,您必須在{location}支付所有費用,[medium] terminology: None; [medium] terminology: None; [high] meaning_drift: None
Draft 1,L4S2,216,"00:11:25,230 --> 00:11:27,390",least one week before your class starts.,您的課程開始前至少一週。,100,ok,,
Draft 1,L4S2,217,"00:11:27,830 --> 00:11:30,330",You can pay by credit card or bank transfer.,您可以使用信用卡或銀行轉帳付款。,80,minor_issues,,[medium] terminology: None
Draft 1,L4S2,218,"00:11:30,930 --> 00:11:31,470",That's fine.,沒問題。,100,ok,,
Draft 1,L4S2,219,"00:11:31,690 --> 00:11:33,110",I'll pay by bank transfer.,我會使用銀行轉帳付款。,80,minor_issues,,[medium] terminology: None
Draft 1,L4S2,220,"00:11:33,630 --> 00:11:41,110","Now, about your class schedule, the beginner class is from 6 p.m. to 8 p .m. on Tuesday and Friday.",關於您的課程表，初級班在週二和週五下午 6 點至 8 點上課。,100,ok,,
Draft 1,L4S2,221,"00:11:41,850 --> 00:11:43,830",I am afraid I can't make it on Tuesday.,抱歉，我週二無法參加。,100,ok,,
Draft 1,L4S2,222,"00:11:44,190 --> 00:11:45,410",I have other plans that day.,我那天另有安排。,100,ok,,
Draft 1,L4S2,223,"00:11:45,970 --> 00:11:48,090","That's not a problem, but I would recommend",這沒問題，但我建議您週,45,needs_revision,這沒問題，但我建議您您,[high] meaning_drift: None
Draft 1,L4S2,224,"00:11:48,090 --> 00:11:51,870",you attend extra classes on the weekend to catch up with your classmates.,末參加額外課程，以跟上同學的進度。,45,needs_revision,週末參加額外課程，以跟上同學的進度。,[high] meaning_drift: None
Draft 1,L4S2,225,"00:11:52,350 --> 00:11:53,770","This way, you won't fall behind.",這樣您就不會落後。,100,ok,,
Draft 1,L4S2,226,"00:11:54,330 --> 00:11:55,110",That sounds good.,聽起來不錯。,80,minor_issues,,[medium] terminology: None
Draft 1,L4S2,227,"00:11:55,330 --> 00:11:56,310",I'll try to make time.,我會盡量騰出時間。,100,ok,,
Draft 1,L4S2,228,"00:11:56,310 --> 00:11:57,630",One more thing.,還有一件事。,100,ok,,
Draft 1,L4S2,229,"00:11:58,110 --> 00:11:59,730",If you decide to drop out of the,如果您在賽季中途決定,87,minor_issues,,[low] style: None
Draft 1,L4S2,230,"00:11:59,730 --> 00:12:04,130","class in the middle of the season, there's a $35 cancellation fee.",退出課程，將收取 35 美元的取消費用。,45,needs_revision,登出課程，將收取 35 美元的取消費用。,[high] terminology: None
Draft 1,L4S2,231,"00:12:04,630 --> 00:12:08,710",This is because it's difficult for us to replace students once the season starts.,這是因為一旦課程開始，我們很難替換學生。,100,ok,,
Draft 1,L4S2,232,"00:12:09,250 --> 00:12:09,910",I understand.,我知道了。,100,ok,,
Draft 1,L4S2,233,"00:12:10,590 --> 00:12:15,370","Also, during the practice, you won't be allowed to bring food or drink in the class.",此外，在練習期間，您不允許在課堂上攜帶食物或飲料。,100,ok,,
Draft 1,L4S2,234,"00:12:15,930 --> 00:12:17,150",Not even a water bottle?,連水瓶都沒有嗎？,100,ok,,
Draft 1,L4S2,235,"00:12:17,750 --> 00:12:18,670",That's OK to bring.,可以攜帶。,100,ok,,
Draft 1,L4S2,236,"00:12:18,990 --> 00:12:21,590","If you have any more questions, feel free to ask.",如果您還有其他問題，歡迎隨時提出。,100,ok,,
Draft 1,L4S2,237,"00:12:22,050 --> 00:12:23,430","No, that's all for now.",不，目前就這樣了。,70,minor_issues,,[medium] terminology: None; [medium] terminology: None
Draft 1,L4S2,238,"00:12:23,590 --> 00:12:24,350",Thank you very much.,非常感謝您,100,ok,,
Draft 1,L4S2,239,"00:12:24,350 --> 00:12:25,370","Great job, guys.",各位，做得很好。,100,ok,,
Draft 1,L4S2,240,"00:12:25,550 --> 00:12:27,030",Let's check the answers together.,我們一起來檢查答案。,80,minor_issues,,[medium] terminology: None
Draft 1,L4S2,241,"00:12:27,350 --> 00:12:29,670",Here is the transcript of the recording.,以下是錄音的逐字稿。,100,ok,,
Draft 1,L4S2,242,"00:12:29,950 --> 00:12:32,750","In question 6, you may hear the receptionist",在第 6 題中，你可能會聽到接待員,100,ok,,
Draft 1,L4S2,243,"00:12:32,750 --> 00:12:36,750","mentioning $60 at first, but that is the fee without uniform.",一開始提到 60 美元，但那是未包含制服的費用。,100,ok,,
Draft 1,L4S2,244,"00:12:37,090 --> 00:12:40,790","The correct answer is mentioned by Philip later, $105.",Philip 後來提到正確答案，即 105 美元。,80,minor_issues,,[medium] terminology: None
Draft 1,L4S2,245,"00:12:41,510 --> 00:12:44,950","The important keyword here is total, which appears",這裡的重要關鍵詞是 total，它出現了,80,minor_issues,這裡的重要關鍵詞是 總計，它出現了,[medium] terminology: None
Draft 1,L4S2,246,"00:12:44,950 --> 00:12:47,210",in both the table and the transcript.,表格和逐字稿中均有。,100,ok,,
Draft 1,L4S2,247,"00:12:47,210 --> 00:12:51,150","In question 7, the receptionist said Tuesday and",在第 7 題中，接待員提到 Tuesday，並,100,ok,,
Draft 1,L4S2,248,"00:12:51,150 --> 00:12:54,070","Friday, but since Philip cannot make it on",星期五，但由於 Philip 無法在……,74,minor_issues,週五，但 Philip 無法在……,[medium] terminology: None; [low] register: None; [low] style: None
Draft 1,L4S2,249,"00:12:54,070 --> 00:12:56,390","Tuesday, the correct answer is Friday.",星期二，正確答案是星期五。,100,ok,,
Draft 1,L4S2,250,"00:12:57,150 --> 00:12:59,170",Tuesday is a distractor.,Tuesday 是干擾項。,87,minor_issues,,[low] style: None
Draft 1,L4S2,251,"00:12:59,570 --> 00:13:02,490","Question 8, the correct answer is the weekend.",第 8 題，正確答案是週末。,100,ok,,
Draft 1,L4S2,252,"00:13:03,030 --> 00:13:07,490","Remember to include the, since it is the grammatically correct one.",記得要加上 the，因為它在文法上是正確的。,70,minor_issues,,[medium] terminology: None; [medium] terminology: None
Draft 1,L4S2,253,"00:13:07,950 --> 00:13:13,610","Question 9, you can either write the number 35 or spell out the letters.",第 9 題，您可以寫數字 35 或拼出字母。,45,needs_revision,第 9 題，您可以寫數位 35 或拼出字母。,[high] terminology: None
Draft 1,L4S2,254,"00:13:13,610 --> 00:13:16,370",Make sure to not write the word dollars,請注意不要寫上 dollars,80,minor_issues,,[medium] terminology: None
Draft 1,L4S2,255,"00:13:16,370 --> 00:13:18,870",because the dollar symbol is already there.,這個字，因為美元符號已經在那裡了。,87,minor_issues,,[low] style: None
Draft 1,L4S2,256,"00:13:19,050 --> 00:13:22,350","And the last one, our correct answer is water bottle.",最後一個，正確答案是 water bottle。,100,ok,,
Draft 1,L4S2,257,"00:13:22,730 --> 00:13:24,390","Great job, everyone.",大家做得很好。,100,ok,,
Draft 1,L4S2,258,"00:13:24,930 --> 00:13:28,190","So, remember that for form and table completion,",所以，請記住，在填寫 form 和 table,70,minor_issues,所以，請記住，在填寫 形式 和 table,[medium] terminology: None; [medium] terminology: None; [medium] terminology: None; [low] style: None
Draft 1,L4S2,259,"00:13:28,570 --> 00:13:33,030",checking spelling and grammar after answering is very important.,completion 時，答題後檢查拼字和文法非常重要。,87,minor_issues,作答完畢後，答題後檢查拼字和文法非常重要。,[low] style: None
Draft 1,L4S2,260,"00:13:38,850 --> 00:13:39,510",Hooray!,萬歲！,100,ok,,
Draft 1,L4S2,261,"00:13:40,010 --> 00:13:45,710","We've already grasped how to handle two question types, form completion and table completion.",我們已經學會如何處理兩種題型：表單填寫和表格填寫。,70,minor_issues,,[medium] terminology: None; [medium] terminology: None
Draft 1,L4S2,262,"00:13:45,710 --> 00:13:47,890",Let's review what we've learned today.,讓我們複習一下今天所學的內容。,100,ok,,
Draft 1,L4S2,263,"00:13:48,590 --> 00:13:51,050","First, the completion question has four main types,",首先，填空題型共有四種主要類,87,minor_issues,,[low] style: None
Draft 1,L4S2,264,"00:13:51,690 --> 00:13:58,510","form completion, table completion, sentence completion, and summary completion.",型：表單填寫、表格填寫、句子填空與摘要填空。,30,needs_revision,,[medium] terminology: None; [medium] terminology: None; [medium] terminology: None; [high] meaning_drift: None
Draft 1,L4S2,265,"00:13:59,210 --> 00:14:02,030","Next, we'll follow these six steps to do",接下來，我們將按照這六個步驟來進行,100,ok,,
Draft 1,L4S2,266,"00:14:02,030 --> 00:14:04,570",the form completion and the table completion.,表單填寫與表格填寫。,70,minor_issues,,[medium] terminology: None; [medium] terminology: None
Draft 1,L4S2,267,"00:14:10,290 --> 00:14:11,610",That's it for today's lesson.,今天的課程到此結束。,80,minor_issues,,[medium] terminology: None
Draft 1,L4S2,268,"00:14:11,870 --> 00:14:14,510",Don't forget to do the exercises and practice,別忘了完成練習，並定期,77,minor_issues,,[medium] terminology: None; [low] style: None
Draft 1,L4S2,269,"00:14:14,510 --> 00:14:16,090",what you've learned regularly.,複習所學內容。,80,minor_issues,,[medium] terminology: None
Draft 1,L4S2,270,"00:14:16,610 --> 00:14:18,370",Goodbye and see you in the next lesson.,再見，下一堂課見。,100,ok,,
Draft 1,L4S2,271,"00:14:20,610 --> 00:14:20,710",Thank you.,謝謝。,100,ok,,
Draft 1,L6S2,1,"00:00:12,060 --> 00:00:15,720","Hey guys, welcome back to our IELTS listening course.",大家好，歡迎回到我們的 IELTS 聽力課程。,100,ok,,
Draft 1,L6S2,2,"00:00:15,980 --> 00:00:20,540","In the last lesson, we learned about form completion and table completion questions.",在上堂課中，我們學習了表單填寫和表格填寫題型。,70,minor_issues,,[medium] terminology: None; [medium] terminology: None; [medium] terminology: None
Draft 1,L6S2,3,"00:00:20,820 --> 00:00:24,300","Today, we'll continue to practice listening skills with",今天，我們將繼續練習另一種填空,77,minor_issues,今天，我們將繼續練習聽力,[medium] terminology: None; [low] style: None
Draft 1,L6S2,4,"00:00:24,300 --> 00:00:27,760","another completion question type, which is table completion.",題型——表格填寫題型的聽力技巧。,70,minor_issues,,[medium] terminology: None; [medium] terminology: None; [low] style: None
Draft 1,L6S2,5,"00:00:28,200 --> 00:00:30,360",Today's lesson is divided into two parts.,今天的課程分為兩個部分。,80,minor_issues,,[medium] terminology: None
Draft 1,L6S2,6,"00:00:30,960 --> 00:00:34,440","Part one, strategy, or steps to handle the question type.",第一部分：策略或處理題型的步驟。,100,ok,,
Draft 1,L6S2,7,"00:00:34,440 --> 00:00:37,520","Part two, practice and explanation.",第二部分：練習與說明。,100,ok,,
Draft 1,L6S2,8,"00:00:38,160 --> 00:00:39,500",Let's start with part one.,我們從第一部分開始。,80,minor_issues,,[medium] terminology: None
Draft 1,L6S2,9,"00:00:43,800 --> 00:00:47,660","Similar to note completion and form completion, we'll",與備註填寫和表單填寫類似，我們將,80,minor_issues,,[medium] terminology: None
Draft 1,L6S2,10,"00:00:47,660 --> 00:00:50,280",follow these steps to do summary completion questions.,遵循以下步驟來完成摘要填空題目。,80,minor_issues,,[medium] terminology: None
Draft 1,L6S2,11,"00:00:51,200 --> 00:00:55,480","Step one, read the instructions carefully and note the word limit.",第一步，仔細閱讀說明並留意字數限制。,70,minor_issues,,[medium] terminology: None; [medium] terminology: None
Draft 1,L6S2,12,"00:00:55,820 --> 00:00:58,220",This question requires us to write one word only.,此題僅需填寫一個單字。,80,minor_issues,,[medium] terminology: None
Draft 1,L6S2,13,"00:01:01,040 --> 00:01:03,420","Step two, read the title of the summary",第二步，閱讀標題,100,ok,,
Draft 1,L6S2,14,"00:01:03,420 --> 00:01:05,580",to get a quick understanding of the topic,以快速了解錄音的,30,needs_revision,以快速瞭解錄音的,[high] terminology: None; [high] meaning_drift: None; [high] meaning_drift: None
Draft 1,L6S2,15,"00:01:05,580 --> 00:01:07,300",and content of the recording.,主題與內容。,35,needs_revision,及錄音內容。,[medium] terminology: None; [high] meaning_drift: None
Draft 1,L6S2,16,"00:01:07,300 --> 00:01:11,260",The title of this summary is the concept of opportunity cost.,本摘要的標題是「opportunity cost」這個概念。,77,minor_issues,本摘要的標題是「機會成本」這個概念。,[medium] terminology: None; [low] terminology: None
Draft 1,L6S2,17,"00:01:13,160 --> 00:01:15,320","Step three, underline keywords.",第三步驟，標記關鍵字。,80,minor_issues,,[medium] terminology: None
Draft 1,L6S2,18,"00:01:15,800 --> 00:01:19,160","In the previous course, we already learned how to identify keywords.",在上一個課程中，我們已經學會了如何識別關鍵字。,100,ok,,
Draft 1,L6S2,19,"00:01:19,820 --> 00:01:22,260",Keywords are words that play an important part,關鍵字是在句子中扮演重要角,35,needs_revision,關鍵字是在句子中扮演重要的角色,[medium] terminology: None; [high] meaning_drift: None
Draft 1,L6S2,20,"00:01:22,260 --> 00:01:25,700","in a sentence, carrying the main content of that sentence.",色的詞彙，承載著該句子的主要內容。,39,needs_revision,詞彙，承載該句的主要內容。,[high] meaning_drift: None; [low] collocation: None; [low] style: None
Draft 1,L6S2,21,"00:01:26,400 --> 00:01:29,920","Keywords you underline are often nouns, verbs, and",你所畫底線的關鍵字通常是名詞、動詞和形容詞，而,39,needs_revision,你所劃下劃線的關鍵字通常是名詞、動詞和形容詞，而,[low] style: None; [low] terminology: None; [high] meaning_drift: None
Draft 1,L6S2,22,"00:01:29,920 --> 00:01:34,900","adjectives, not prepositions such as to, from, and",不是介系詞（如 to、from 和 at）或,30,needs_revision,形容詞，而非介系詞，例如 to、from 和,[medium] terminology: None; [medium] terminology: None; [high] meaning_drift: None
Draft 1,L6S2,23,"00:01:34,900 --> 00:01:40,340","at, or articles such as a, and, and the.",冠詞（如 a、and 和 the）。,80,minor_issues,,[medium] terminology: None
Draft 1,L6S2,24,"00:01:41,200 --> 00:01:43,280",And you should also pay attention to the,你也應該注意空白處,30,needs_revision,你也應該注意它,[low] style: None; [medium] terminology: None; [medium] terminology: None; [medium] terminology: None; [high] meaning_drift: None
Draft 1,L6S2,25,"00:01:43,280 --> 00:01:45,560","keywords, before and after the blank.",前後的重點關鍵字。,35,needs_revision,空白前後的重點關鍵字。。,[medium] terminology: None; [high] meaning_drift: None
Draft 1,L6S2,26,"00:01:46,420 --> 00:01:48,420","Step four, we need to predict what part",第四步，我們需要預測,45,needs_revision,第四步，我們要預測出哪一部分,[high] meaning_drift: None
Draft 1,L6S2,27,"00:01:48,420 --> 00:01:51,060",of speech each missing word should be.,每個缺失單詞的詞性。,30,needs_revision,每個缺失單字的詞性。,[high] terminology: None; [medium] terminology: None; [high] meaning_drift: None
Draft 1,L6S2,28,"00:01:51,580 --> 00:01:54,200","For example, whether it is a verb,",例如，無論是動詞、noun、a,42,needs_revision,例如，無論是動詞、名詞、的,[low] terminology: None; [high] meaning_drift: None
Draft 1,L6S2,29,"00:01:54,200 --> 00:01:57,920","a noun, an adjective, an adverb, or a number,",djective、adverb 或 num,30,needs_revision,形容詞、副詞 或 數詞,[medium] terminology: None; [medium] terminology: None; [low] typo: None; [low] terminology: None; [low] terminology: None; [low] terminology: None; [high] meaning_drift: None
Draft 1,L6S2,30,"00:01:58,480 --> 00:02:00,800",let's look through each question in this exercise,ber，讓我們逐一檢視此練習中的每個問題。,77,minor_issues,那麼，讓我們逐一檢視此練習中的每個問題。,[medium] terminology: None; [low] style: None
Draft 1,L6S2,31,"00:02:00,800 --> 00:02:02,400",and predict the answers together.,並一起預測答案。,100,ok,,
Draft 1,L6S2,32,"00:02:03,460 --> 00:02:06,240","Step five, listen to the recording and find",第五步，聆聽錄音並找出,80,minor_issues,,[medium] terminology: None
Draft 1,L6S2,33,"00:02:06,240 --> 00:02:09,020",the words that have the same meaning or paraphrases.,具有相同意義或同義詞的單字。,70,minor_issues,,[medium] terminology: None; [medium] terminology: None
Draft 1,L6S2,34,"00:02:10,060 --> 00:02:13,520",Here we'll listen carefully and find paraphrases or,接下來我們將仔細聆聽，並在錄音中找出,35,needs_revision,Here we'll listen carefully and find paraphrases or,[medium] terminology: None; [high] meaning_drift: None
Draft 1,L6S2,35,"00:02:13,520 --> 00:02:15,580",words in the recording that have the same,具有相同意義的轉述內容或單字。,32,needs_revision,錄音中意思相同的字詞,[medium] terminology: None; [high] meaning_drift: None; [low] style: None
Draft 1,L6S2,36,"00:02:15,580 --> 00:02:17,880",meaning with keywords in the question.,題目中的關鍵字意義。,80,minor_issues,,[medium] terminology: None
Draft 1,L6S2,37,"00:02:18,680 --> 00:02:21,160","When doing the test, try to practice and",進行測驗時，請盡力練習並,100,ok,,
Draft 1,L6S2,38,"00:02:21,160 --> 00:02:24,620",take notes of as many paraphrases as you can hear.,為你能聽到的轉述內容做筆記。,80,minor_issues,,[medium] terminology: None
Draft 1,L6S2,39,"00:02:25,920 --> 00:02:28,940","Step six, don't forget to write down the",第六步，別忘了寫下答,35,needs_revision,第六步，別忘了寫下答案,[medium] terminology: None; [high] meaning_drift: None
Draft 1,L6S2,40,"00:02:28,940 --> 00:02:31,320",answer and don't forget to check the spelling.,案，也別忘了檢查拼字。,42,needs_revision,答案，也別忘了檢查拼字。,[low] style: None; [high] meaning_drift: None
Draft 1,L6S2,41,"00:02:32,500 --> 00:02:35,200","All right, after understanding the important new words,",好的，在了解了這些重要的單字後，你準,32,needs_revision,好的，在瞭解了這些重要的單字後，你準,[high] terminology: None; [medium] terminology: None; [low] style: None
Draft 1,L6S2,42,"00:02:35,560 --> 00:02:36,860",are you ready to do the test?,備好來進行測驗了嗎？,100,ok,,
Draft 1,L6S2,43,"00:02:37,200 --> 00:02:40,400",Let's listen to the recording and fill in the correct words.,讓我們聆聽錄音，並填入正確的單字。,100,ok,,
Draft 1,L6S2,44,"00:02:45,120 --> 00:02:49,520",Now listen and answer questions 21 to 27.,現在請聆聽並回答第 21 至 27 題。,80,minor_issues,,[medium] terminology: None
Draft 1,L6S2,45,"00:02:51,220 --> 00:02:53,260","Hi Mark, have you had a chance to",嗨，Mark，你有機會,100,ok,,
Draft 1,L6S2,46,"00:02:53,260 --> 00:02:55,720",look at the content for our next economics lesson?,看看我們下一堂經濟學課程的內容？,100,ok,,
Draft 1,L6S2,47,"00:02:55,720 --> 00:02:58,940","It's about opportunity cost, I know.",這是關於 opportunity cost，我知道。,77,minor_issues,這是關於 機會成本，我知道。,[medium] terminology: None; [low] terminology: None
Draft 1,L6S2,48,"00:02:59,520 --> 00:03:01,900","Honestly, Chloe, I've been staring at the definition",老實說，Chloe，我盯著那個定,45,needs_revision,老實說，Chloe，我盯著那個定義,[high] meaning_drift: None
Draft 1,L6S2,49,"00:03:01,900 --> 00:03:04,180",for 20 minutes and I think it's just,義看了二十分鐘，我覺得,30,needs_revision,看了二十分鐘，我想,[high] placeholder: None; [high] meaning_drift: None; [low] register: None
Draft 1,L6S2,50,"00:03:04,180 --> 00:03:06,820",a fancy way of saying making a choice.,那不過是選擇的委婉說法。,100,ok,,
Draft 1,L6S2,51,"00:03:07,040 --> 00:03:10,820",It feels like economists like to make simple things sound complicated.,感覺經濟學家喜歡把簡單的事情說得複雜。,100,ok,,
Draft 1,L6S2,52,"00:03:11,160 --> 00:03:13,760",It's not just about the choice itself.,重點不在於選擇本身。,100,ok,,
Draft 1,L6S2,53,"00:03:14,000 --> 00:03:16,020",It's about what you don't choose.,重點在於你沒有做出的選擇。,100,ok,,
Draft 1,L6S2,54,"00:03:16,380 --> 00:03:19,240",The formal definition is the value of,正式的定義是放棄,30,needs_revision,正式的定義是,[medium] terminology: None; [medium] terminology: None; [high] meaning_drift: None
Draft 1,L6S2,55,"00:03:19,240 --> 00:03:21,640",the next best alternative that you give up.,次佳替代方案的價值。,45,needs_revision,放棄的次佳選擇。,[high] meaning_drift: None
Draft 1,L6S2,56,"00:03:21,640 --> 00:03:24,400",It's a crucial concept because it helps people,這是一個關鍵概念，因為它能幫助,45,needs_revision,這是一個關鍵概念，因為它能幫助人們,[high] meaning_drift: None
Draft 1,L6S2,57,"00:03:24,400 --> 00:03:27,160",realize that everything has a hidden price.,人們體認到凡事皆有隱形代價。,100,ok,,
Draft 1,L6S2,58,"00:03:27,860 --> 00:03:28,400",I don't know.,我不知道。,100,ok,,
Draft 1,L6S2,59,"00:03:28,600 --> 00:03:30,740","If I'm hungry and I buy a sandwich,",如果我餓了，買了一個三明治，,100,ok,,
Draft 1,L6S2,60,"00:03:31,040 --> 00:03:34,120",I'm not thinking about the salad I didn't buy.,我沒在想你沒買的那份沙拉。,100,ok,,
Draft 1,L6S2,61,"00:03:34,320 --> 00:03:36,080",I'm just thinking about my lunch.,我只是在想我的午餐。,100,ok,,
Draft 1,L6S2,62,"00:03:36,640 --> 00:03:38,580","I mean, yeah, you've got a point.",我的意思是，沒錯，你說得對。,100,ok,,
Draft 1,L6S2,63,"00:03:39,220 --> 00:03:41,540","See, isn't it a bit too theoretical?",你看，是不是太理論了一點？,80,minor_issues,,[medium] terminology: None
Draft 1,L6S2,64,"00:03:42,120 --> 00:03:44,440",Do we really need to calculate the loss,我們真的需要計算每一個沒,45,needs_revision,我們真的需要計算損失,[high] meaning_drift: None
Draft 1,L6S2,65,"00:03:44,440 --> 00:03:46,820",of every single path we didn't take?,走過的岔路所損失的嗎？,45,needs_revision,沒有走的路,[high] meaning_drift: None
Draft 1,L6S2,66,"00:03:46,820 --> 00:03:51,540","Well, maybe not for a sandwich, but for bigger things it's vital.",嗯，也許不適用於三明治，但對較大的事物來說，這是非常關鍵的。,42,needs_revision,嗯，也許不適用於三明治，但對更重要的事來說，這是非常關鍵的。,[low] style: None; [high] meaning_drift: None
Draft 1,L6S2,67,"00:03:52,120 --> 00:03:54,300",Think about that concert you went to last Friday.,想想你上週五去的那場演唱會。,100,ok,,
Draft 1,L6S2,68,"00:03:54,740 --> 00:03:55,620",How much was the ticket?,門票多少錢？,100,ok,,
Draft 1,L6S2,69,"00:03:56,120 --> 00:03:57,320",It was 50 pounds.,是 50 英鎊。,100,ok,,
Draft 1,L6S2,70,"00:03:57,780 --> 00:03:58,020",Why?,為什麼？,100,ok,,
Draft 1,L6S2,71,"00:03:58,540 --> 00:04:01,320","Right, so you think the cost was 50 pounds.",好，所以你认为费用是 50 英镑。,30,needs_revision,,[high] None: None; [high] None: None; [high] None: None; [high] None: None
Draft 1,L6S2,72,"00:04:01,580 --> 00:04:03,960",But you spent five hours there.,但你在那裡待了五個小時。,100,ok,,
Draft 1,L6S2,73,"00:04:04,400 --> 00:04:05,940",If you had worked your part-time job,如果你當時去咖啡廳做兼,45,needs_revision,如果你當時去咖啡廳做兼職,[high] meaning_drift: None
Draft 1,L6S2,74,"00:04:05,940 --> 00:04:09,220","at the cafe instead, you would have earned 40 pounds.",職，本來可以賺到 40 英鎊。,42,needs_revision,在咖啡廳，你本可以賺到 40 英鎊。,[high] meaning_drift: None; [low] register: None
Draft 1,L6S2,75,"00:04:09,380 --> 00:04:11,940",So the real cost wasn't 50.,所以真正的成本並不是 50。,100,ok,,
Draft 1,L6S2,76,"00:04:12,160 --> 00:04:13,220",It was 90.,是 90。,100,ok,,
Draft 1,L6S2,77,"00:04:13,860 --> 00:04:16,959",Are you suggesting that the income I missed,你的意思是說，我錯過的收入也是,87,minor_issues,,[low] style: None
Draft 1,L6S2,78,"00:04:16,959 --> 00:04:18,640",out on is part of the equation?,這個方程式的一部分嗎？,100,ok,,
Draft 1,L6S2,79,"00:04:19,480 --> 00:04:19,959",Exactly.,沒錯。,100,ok,,
Draft 1,L6S2,80,"00:04:20,380 --> 00:04:21,280",You got the point.,你抓到重點了。,100,ok,,
Draft 1,L6S2,81,"00:04:21,920 --> 00:04:24,600","When you put it that way, it sounds depressing.",聽你這麼說，感覺挺消極的。,100,ok,,
Draft 1,L6S2,82,"00:04:25,140 --> 00:04:27,080",It makes me feel like I'm losing money,這讓我有種在開心玩樂的同,45,needs_revision,這讓我有種在賠錢的感覺,[high] meaning_drift: None
Draft 1,L6S2,83,"00:04:27,080 --> 00:04:28,560",even when I'm having fun.,時還賠錢的感覺。,45,needs_revision,even when I'm having fun.,[high] meaning_drift: None
Draft 1,L6S2,84,"00:04:28,980 --> 00:04:29,960",But I see your point.,我明白你的意思了。,100,ok,,
Draft 1,L6S2,85,"00:04:30,400 --> 00:04:32,680","Time is a limited resource, isn't it?",時間是一種有限的資源，對吧？,100,ok,,
Draft 1,L6S2,86,"00:04:32,860 --> 00:04:34,780",We can't get it back once it's gone.,一旦失去就無法挽回。,80,minor_issues,,[medium] terminology: None
Draft 1,L6S2,87,"00:04:35,360 --> 00:04:35,840",Exactly.,沒錯。,100,ok,,
Draft 1,L6S2,88,"00:04:36,160 --> 00:04:37,980",And that's why businesses use it.,這就是為什麼商管人員會使用它。,87,minor_issues,,[low] style: None
Draft 1,L6S2,89,"00:04:38,300 --> 00:04:40,280",They don't just look at their current spending.,他們不只檢視目前的支出。,100,ok,,
Draft 1,L6S2,90,"00:04:40,280 --> 00:04:42,740",They look at the profit they might be,他們會檢視他們可能獲得的利潤。,100,ok,,
Draft 1,L6S2,91,"00:04:42,740 --> 00:04:45,740",missing by not investing in a different project.,未投資於其他專案而錯失獲利。,100,ok,,
Draft 1,L6S2,92,"00:04:45,960 --> 00:04:47,340",They have to be objective.,他們必須保持客觀。,100,ok,,
Draft 1,L6S2,93,"00:04:48,160 --> 00:04:49,660","But that's the problem, Chloe.",但問題就在這裡，Chloe。,100,ok,,
Draft 1,L6S2,94,"00:04:49,960 --> 00:04:51,100",People aren't machines.,人類不是機器。,100,ok,,
Draft 1,L6S2,95,"00:04:51,620 --> 00:04:53,840",Sometimes we make decisions based on how we,有時候我們會根據自身的,45,needs_revision,有時候我們會根據自身,[high] meaning_drift: None
Draft 1,L6S2,96,"00:04:53,840 --> 00:04:56,300","feel in the moment, rather than doing a",感受當下，而非對我們,45,needs_revision,感受當下，而非去做,[high] meaning_drift: None
Draft 1,L6S2,97,"00:04:56,300 --> 00:04:58,420",mathematical analysis of our options.,的選項進行數學分析。,45,needs_revision,對我們的選項進行數學分析。,[high] meaning_drift: None
Draft 1,L6S2,98,"00:04:58,960 --> 00:05:03,260",We often ignore the potential consequences of our habits until it's too late.,我們常常在為時已晚時，才忽略習慣可能帶來的後果。,45,needs_revision,我們往往在為時已晚時，才意識到習慣可能帶來的後果。,[high] meaning_drift: None
Draft 1,L6S2,99,"00:05:03,720 --> 00:05:06,000",I agree that emotions play a part.,我同意情緒確實有影響。,100,ok,,
Draft 1,L6S2,100,"00:05:06,000 --> 00:05:09,120",But ignoring the opportunity cost is why people,但忽視機會成本正是人們,100,ok,,
Draft 1,L6S2,101,"00:05:09,120 --> 00:05:10,800",end up with a lot of debt or,背負大量債務，或在錯誤,45,needs_revision,陷入大量債務，或,[high] meaning_drift: None
Draft 1,L6S2,102,"00:05:10,800 --> 00:05:12,780",wasted years in the wrong career.,的職業生涯中虛擲多年光陰。,100,ok,,
Draft 1,L6S2,103,"00:05:13,120 --> 00:05:16,540","If you calculate what you're sacrificing, you make better decisions.",如果你能計算出自己所犧牲的代價，就能做出更明智的決定。,100,ok,,
Draft 1,L6S2,104,"00:05:17,280 --> 00:05:19,120",I suppose it does help you focus.,我想這確實能幫助你集中注意力。,100,ok,,
Draft 1,L6S2,105,"00:05:19,700 --> 00:05:22,220",If I realize that watching three hours of,如果我意識到花三小時看,100,ok,,
Draft 1,L6S2,106,"00:05:22,220 --> 00:05:24,460",TV is costing me a better grade on,看電視讓我考試成績變,45,needs_revision,看電視讓我成績變差,[high] meaning_drift: None
Draft 1,L6S2,107,"00:05:24,460 --> 00:05:27,780","my exam, I might actually turn the television off.",差，我可能真的要把電視關掉了。,87,minor_issues,考差了，我可能真的要把電視關掉了。,[low] style: None
Draft 1,L6S2,108,"00:05:28,180 --> 00:05:30,220","It's a way to avoid regret later on,",這是一種避免日後後悔的方法，,80,minor_issues,,[medium] terminology: None
Draft 1,L6S2,109,"00:05:30,280 --> 00:05:30,640",I guess.,我想是這樣。,100,ok,,
Draft 1,L6S2,110,"00:05:31,180 --> 00:05:32,180","Yeah, exactly.",沒錯，正是如此。,100,ok,,
Draft 1,L6S2,111,"00:05:32,840 --> 00:05:33,980","Okay, okay.",好，好。,100,ok,,
Draft 1,L6S2,112,"00:05:34,080 --> 00:05:35,140",You've convinced me.,你說服我了。,100,ok,,
Draft 1,L6S2,113,"00:05:35,140 --> 00:05:37,180",It's more than just a choice.,這不僅僅是一個選擇。,100,ok,,
Draft 1,L6S2,114,"00:05:37,480 --> 00:05:40,320",It's about the value of what we leave behind.,這關乎我們留下的價值。,80,minor_issues,,[medium] terminology: None
Draft 1,L6S2,115,"00:05:41,120 --> 00:05:41,680",Precisely.,沒錯。,100,ok,,
Draft 1,L6S2,116,"00:05:41,920 --> 00:05:44,840","The core idea helps us prioritize what really matters,",核心概念能幫助我們優先處理真正重要的事,80,minor_issues,,[medium] terminology: None
Draft 1,L6S2,117,"00:05:44,840 --> 00:05:48,800",even though the math can be somewhat complex to fully understand.,項，儘管相關數學計算在完全理解上可能略顯複雜。,30,needs_revision,此處，儘管數學完全理解可能相當複雜。,[high] meaning_drift: None; [high] meaning_drift: None; [low] collocation: None; [low] register: None
Draft 1,L6S2,118,"00:05:49,240 --> 00:05:52,760",Let's try to write down some questions for our professor tomorrow.,我們試著明天寫一些問題給我們的教授。,80,minor_issues,,[medium] terminology: None
Draft 1,L6S2,119,"00:05:54,160 --> 00:05:56,040",That's the end of part three.,第三部分到此結束。,100,ok,,
Draft 1,L6S2,120,"00:05:56,400 --> 00:06:00,640",You now have 30 seconds to check your answers for part three.,您現在有 30 秒的時間來檢查第三部分的答案。,80,minor_issues,,[medium] terminology: None
Draft 1,L6S2,121,"00:06:01,380 --> 00:06:02,740","All right, pencils down.",好，大家把鉛筆放下來。,80,minor_issues,,[medium] terminology: None
Draft 1,L6S2,122,"00:06:03,060 --> 00:06:03,780",Let's see how you did.,來看看你的表現。,100,ok,,
Draft 1,L6S2,123,"00:06:03,780 --> 00:06:05,640",We are going to walk through the answers,我們將逐一檢視答案,100,ok,,
Draft 1,L6S2,124,"00:06:05,640 --> 00:06:09,760",one by one to see exactly where they were hiding in the conversation.,，看看它們在對話中究竟藏在哪裡。,39,needs_revision,，逐一查看他們在對話中究竟藏在哪裡。,[low] grammar: None; [high] meaning_drift: None; [low] collocation: None
Draft 1,L6S2,125,"00:06:10,020 --> 00:06:14,160","For question 21, the summary asks for the value of the best what.",第21題的摘要要求找出最佳選項的數值。,100,ok,,
Draft 1,L6S2,126,"00:06:14,360 --> 00:06:17,080","In the audio, Chloe gives the formal definition,",在音訊中，Chloe 給出了正式定,35,needs_revision,在音訊中，Chloe 給出了正式定義,[medium] terminology: None; [high] meaning_drift: None
Draft 1,L6S2,127,"00:06:17,460 --> 00:06:20,560",the value of the next best alternative that you give up.,義，也就是你所放棄的次佳替代方案之價值。,30,needs_revision,成本，也就是你所放棄的次佳替代方案之價值。,[low] style: None; [low] style: None; [medium] terminology: None; [high] meaning_drift: None; [low] register: None
Draft 1,L6S2,128,"00:06:20,660 --> 00:06:21,880",The answer is alternative.,答案為替代選項。,100,ok,,
Draft 1,L6S2,129,"00:06:22,200 --> 00:06:24,460",Note that choice is a distractor here.,請注意，此處 choice 為干擾選項。,80,minor_issues,,[medium] terminology: None
Draft 1,L6S2,130,"00:06:24,780 --> 00:06:27,120","Mark uses the word choice, but the definition",Mark 使用了「word choice」一詞，但定義為「definition」,100,ok,,
Draft 1,L6S2,131,"00:06:27,120 --> 00:06:29,620",specifically requires alternative.,明確要求替代選項。,100,ok,,
Draft 1,L6S2,132,"00:06:30,120 --> 00:06:32,440","For question 22, Mark is skeptical.",針對第 22 題，Mark 表示懷疑。,100,ok,,
Draft 1,L6S2,133,"00:06:32,440 --> 00:06:34,620",He feels the concept is not practical.,他認為這個概念不具實用性。,100,ok,,
Draft 1,L6S2,134,"00:06:34,940 --> 00:06:37,260","He asks, isn't it a bit too theoretical?",他問：「這不會太偏理論了嗎？」,100,ok,,
Draft 1,L6S2,135,"00:06:37,740 --> 00:06:39,120",This is an exact word match.,這是完全符合的字詞。,100,ok,,
Draft 1,L6S2,136,"00:06:39,340 --> 00:06:43,000",Mark thinks it's too abstract for everyday decisions like buying a sandwich.,馬克認為這對於日常決策（例如購買三明治）來說太抽象了。,100,ok,,
Draft 1,L6S2,137,"00:06:43,360 --> 00:06:46,080","For question 23, we look at the concert scenario.",關於第23題，我們來看看演唱會的情境。,80,minor_issues,,[medium] terminology: None
Draft 1,L6S2,138,"00:06:46,340 --> 00:06:49,520",The summary mentions the cost includes money that could have been earned.,摘要提到成本包含原本可以賺取的薪資。,45,needs_revision,摘要提到成本包含原本可以賺取的收入。,[high] meaning_drift: None
Draft 1,L6S2,139,"00:06:49,880 --> 00:06:52,540","Mark realizes, are you suggesting that the income",馬克意識到，你是要建議所得,45,needs_revision,馬克意識到，你是在暗示收入,[high] meaning_drift: None
Draft 1,L6S2,140,"00:06:52,540 --> 00:06:54,620",I missed out on is part of the equation?,我錯過了哪一部分是方程式的一環？,100,ok,,
Draft 1,L6S2,141,"00:06:55,040 --> 00:06:58,200","The word money or wages fits the meaning,",『money』或『wages』符合語,77,minor_issues,,[medium] terminology: None; [low] style: None
Draft 1,L6S2,142,"00:06:58,400 --> 00:07:01,200","but the instruction is one word only, and",意，但指示要求只填一個字，而實際讀出的,87,minor_issues,,[low] style: None
Draft 1,L6S2,143,"00:07:01,200 --> 00:07:03,640",the exact word spoken was income.,正確字詞是『income』。,80,minor_issues,,[medium] terminology: None
Draft 1,L6S2,144,"00:07:03,960 --> 00:07:06,940","For question 24, both students agree on a",關於第24題，兩位學生都同意一個,80,minor_issues,,[medium] terminology: None
Draft 1,L6S2,145,"00:07:06,940 --> 00:07:07,900",specific constraint.,特定的限制條件。,100,ok,,
Draft 1,L6S2,146,"00:07:08,140 --> 00:07:11,240","Mark says, time is a limited resource, isn't",馬克說，時間是一種有限的資源，對吧,100,ok,,
Draft 1,L6S2,147,"00:07:11,240 --> 00:07:11,480",it?,？,45,needs_revision,它嗎？,[high] meaning_drift: None
Draft 1,L6S2,148,"00:07:11,740 --> 00:07:12,860",This is a direct match.,這是完全相符的題目。,87,minor_issues,,[low] style: None
Draft 1,L6S2,149,"00:07:13,100 --> 00:07:14,560",The answer is time.,答案是 time。,100,ok,,
Draft 1,L6S2,150,"00:07:14,980 --> 00:07:17,780","For question 25, Mark talks about human nature.",關於第25題，馬克談到了人性。,100,ok,,
Draft 1,L6S2,151,"00:07:18,120 --> 00:07:20,400","He says, we make emotional decisions and ignore",他說，我們會做出情緒化的決定，而,100,ok,,
Draft 1,L6S2,152,"00:07:20,400 --> 00:07:21,360",something long term.,忽視長遠考量。,45,needs_revision,something long term.。,[high] meaning_drift: None
Draft 1,L6S2,153,"00:07:21,660 --> 00:07:25,200","He says, we often ignore the potential consequences",他說，我們常常會忽略習慣可能帶來,45,needs_revision,他說，我們常常會忽略潛在的後果,[high] meaning_drift: None
Draft 1,L6S2,154,"00:07:25,200 --> 00:07:26,520",of our habits.,的後果。,45,needs_revision,的生活習慣。,[high] meaning_drift: None
Draft 1,L6S2,155,"00:07:26,820 --> 00:07:28,820",The answer is consequences.,答案是後果。,100,ok,,
Draft 1,L6S2,156,"00:07:28,820 --> 00:07:30,760",Be careful with your spelling here.,請注意這裡的拼字。,100,ok,,
Draft 1,L6S2,157,"00:07:30,940 --> 00:07:31,680",It's a long word.,這是一個長單字。,80,minor_issues,,[medium] terminology: None
Draft 1,L6S2,158,"00:07:31,960 --> 00:07:35,120","For question 26, Mark admits that this thinking",第 26 題中，Mark 承認這種思維方,45,needs_revision,第 26 題中，Mark 承認這種思維方式,[high] meaning_drift: None
Draft 1,L6S2,159,"00:07:35,120 --> 00:07:37,500",can stop us from feeling bad later.,式會讓我們之後不會感到難過。,32,needs_revision,避免我們之後感到難過。,[low] style: None; [medium] terminology: None; [high] meaning_drift: None
Draft 1,L6S2,160,"00:07:38,000 --> 00:07:40,160","He says, it's a way to avoid regret",他說，這是一種避免遺憾的方式。,80,minor_issues,,[medium] terminology: None
Draft 1,L6S2,161,"00:07:40,160 --> 00:07:40,840",later on.,之後。,87,minor_issues,,[low] style: None
Draft 1,L6S2,162,"00:07:41,280 --> 00:07:43,500","In the summary, the word prevent is a",在摘要中，prevent 是,100,ok,,
Draft 1,L6S2,163,"00:07:43,500 --> 00:07:45,260",synonym for the audio's avoid.,avoid 的同義詞。,77,minor_issues,,[medium] terminology: None; [low] style: None
Draft 1,L6S2,164,"00:07:45,580 --> 00:07:47,020",The answer is regret.,答案是 regret。,100,ok,,
Draft 1,L6S2,165,"00:07:47,560 --> 00:07:49,140","Finally, question 27.",最後，第 27 題。,100,ok,,
Draft 1,L6S2,166,"00:07:49,860 --> 00:07:51,280",Chloe wraps up the discussion.,Chloe 總結了這次的討論。,100,ok,,
Draft 1,L6S2,167,"00:07:51,660 --> 00:07:53,820","She says, even though the math can be",她表示，即使數學運算在完,45,needs_revision,她表示，即使數學上可能很,[high] meaning_drift: None
Draft 1,L6S2,168,"00:07:53,820 --> 00:07:56,940","somewhat complex to fully understand, the answer is",全理解上可能略顯複雜，答案依然是複,30,needs_revision,要完全理解可能略顯複雜，答案則是,[low] style: None; [high] meaning_drift: None; [high] meaning_drift: None
Draft 1,L6S2,169,"00:07:56,940 --> 00:07:57,500",complex.,雜的。,45,needs_revision,複雜的。,[high] meaning_drift: None
Draft 1,L6S2,170,"00:07:59,520 --> 00:08:00,200",Hooray!,萬歲！,100,ok,,
Draft 1,L6S2,171,"00:08:00,720 --> 00:08:03,260",We already grasped how to handle first three,我們已經掌握如何處理,45,needs_revision,我們已經掌握前三個的處理方式,[high] meaning_drift: None
Draft 1,L6S2,172,"00:08:03,260 --> 00:08:05,040",types of the completion question.,前三種填空題型。,45,needs_revision,完成題的類型。,[high] meaning_drift: None
Draft 1,L6S2,173,"00:08:05,480 --> 00:08:08,020","Now, let's review what we've learned today.",現在，讓我們複習一下今天所學的內容。,100,ok,,
Draft 1,L6S2,174,"00:08:08,660 --> 00:08:12,460","Similar to note completion and form completion, we'll",與備註填寫和表單填寫類似，我們將,80,minor_issues,,[medium] terminology: None
Draft 1,L6S2,175,"00:08:12,460 --> 00:08:15,300",follow these steps to do summary completion questions.,遵循以下步驟來完成摘要填空題目。,80,minor_issues,,[medium] terminology: None
Draft 1,L6S2,176,"00:08:16,180 --> 00:08:18,140",Six steps to do the summary completion.,摘要填空的六個步驟。,100,ok,,
Draft 1,L6S2,177,"00:08:18,880 --> 00:08:22,360","Step one, read the instructions carefully and note",第一步，仔細閱讀說明並注意字,30,needs_revision,第一步，仔細閱讀說明並留意,[medium] terminology: None; [medium] terminology: None; [high] meaning_drift: None
Draft 1,L6S2,178,"00:08:22,360 --> 00:08:23,060",the word limit.,數限制。,35,needs_revision,字數限制。,[medium] terminology: None; [high] meaning_drift: None
Draft 1,L6S2,179,"00:08:23,660 --> 00:08:26,700","Step two, read the title of the summary.",第二步，閱讀摘要的標題。,80,minor_issues,,[medium] terminology: None
Draft 1,L6S2,180,"00:08:27,340 --> 00:08:29,420","Step three, underline key words.",第三步，劃下關鍵字。,70,minor_issues,,[medium] terminology: None; [medium] terminology: None
Draft 1,L6S2,181,"00:08:30,300 --> 00:08:31,840","Step four, predict the answer.",第四步，預測答案。,100,ok,,
Draft 1,L6S2,182,"00:08:32,539 --> 00:08:35,159","Step five, listen to the recording and find",第五步，聆聽錄音，找出,80,minor_issues,,[medium] terminology: None
Draft 1,L6S2,183,"00:08:35,159 --> 00:08:37,000",the words that have the same meaning or,意思相同或同義詞的,80,minor_issues,,[medium] terminology: None
Draft 1,L6S2,184,"00:08:37,000 --> 00:08:37,559",paraphrases.,句子。,35,needs_revision,轉述。,[medium] terminology: None; [high] meaning_drift: None
Draft 1,L6S2,185,"00:08:38,460 --> 00:08:41,140","Step six, write down the answer and check",第六步，寫下答案並檢查。,80,minor_issues,,[medium] terminology: None
Draft 1,L6S2,186,"00:08:41,140 --> 00:08:41,600",the spelling.,拼字。,100,ok,,
Draft 1,L6S2,187,"00:08:42,940 --> 00:08:44,180",That's it for today's lesson.,今天的課程到這裡結束。,80,minor_issues,,[medium] terminology: None
Draft 1,L6S2,188,"00:08:44,560 --> 00:08:47,180",Don't forget to do the exercises and practice,別忘了完成練習，並定期,77,minor_issues,,[medium] terminology: None; [low] style: None
Draft 1,L6S2,189,"00:08:47,180 --> 00:08:48,640",what you've learned regularly.,複習所學內容。,80,minor_issues,,[medium] terminology: None
Draft 1,L6S2,190,"00:08:49,360 --> 00:08:51,260",Goodbye and see you in the next lesson.,再見，下一堂課見。,100,ok,,
Draft 1,L8S2,1,"00:00:11,950 --> 00:00:15,390","Hey guys, welcome back to our IELTS listening course.",嗨，大家好，歡迎回到我們的 IELTS 聽力課程。,100,ok,,
Draft 1,L8S2,2,"00:00:15,650 --> 00:00:22,470","Today we'll practice listening skills with the last completion question type, which is sentence completion.",今天我們將透過最後一種題型——句子填空，來練習聽力技巧。,80,minor_issues,,[medium] terminology: None
Draft 1,L8S2,3,"00:00:23,470 --> 00:00:27,790","Just like previous lessons, today's lesson is divided into two parts.",跟之前的課程一樣，今天的課程分為兩個部分。,70,minor_issues,,[low] style: None; [medium] terminology: None; [medium] terminology: None
Draft 1,L8S2,4,"00:00:28,430 --> 00:00:31,710","Part one, strategy or steps to handle the question type.",第一部分：處理題型的策略或步驟。,100,ok,,
Draft 1,L8S2,5,"00:00:32,210 --> 00:00:34,790","Part two, practice and explanation.",第二部分：練習與解說。,100,ok,,
Draft 1,L8S2,6,"00:00:39,000 --> 00:00:41,100",Here's today's listening test.,這是今天的聽力測驗。,100,ok,,
Draft 1,L8S2,7,"00:00:41,500 --> 00:00:44,260","Looking at this question, what should we do first?",看到這道題目，我們應該先做什麼？,100,ok,,
Draft 1,L8S2,8,"00:00:44,680 --> 00:00:50,100","Step one, always read the instructions carefully and note the word and number limit.",第一步，務必仔細閱讀說明，並留意字數與數字限制。,30,needs_revision,第一步，務必仔細閱讀說明，並留意字數與數位限制。,[high] terminology: None; [medium] terminology: None; [medium] terminology: None
Draft 1,L8S2,9,"00:00:50,620 --> 00:00:56,040",This question requires us to write no more than two words and or a number.,這道題目要求我們填寫不超過兩個詞或一個數字。,35,needs_revision,這道題目要求我們填寫不超過兩個詞或一個數位。,[high] terminology: None; [medium] terminology: None
Draft 1,L8S2,10,"00:00:57,060 --> 00:00:59,200","Step two, read the title.",第二步，閱讀標題。,100,ok,,
Draft 1,L8S2,11,"00:00:59,800 --> 00:01:03,660",The title of today's listening exercise is Betty's Sanctuary.,今日聽力練習的標題是 Betty's Sanctuary。,80,minor_issues,,[medium] terminology: None
Draft 1,L8S2,12,"00:01:04,480 --> 00:01:06,880","Step three, underline keywords.",第三步，劃線標記關鍵字。,80,minor_issues,,[medium] terminology: None
Draft 1,L8S2,13,"00:01:07,460 --> 00:01:11,680","In the previous lesson, we already learned how to identify keywords.",在上一堂課中，我們已經學會了如何辨識關鍵字。,80,minor_issues,,[medium] terminology: None
Draft 1,L8S2,14,"00:01:12,220 --> 00:01:14,800",Here are the keywords we need to underline.,以下是我們需要劃線標記的關鍵字。,80,minor_issues,,[medium] terminology: None
Draft 1,L8S2,15,"00:01:15,160 --> 00:01:17,420","Question one, Betty, name.",第一題，Betty，name。,87,minor_issues,第一題，Betty，名字。,[low] terminology: None
Draft 1,L8S2,16,"00:01:17,780 --> 00:01:23,360","Question two, recently, sanctuary, assisted returning natural habitat.","Question two, recently, sanctuary, assisted returning natural habitat。",70,minor_issues,"第二題, recently, 庇護所, assisted returning 自然棲息地。",[medium] terminology: None; [medium] terminology: None; [medium] terminology: None; [low] style: None
Draft 1,L8S2,17,"00:01:23,360 --> 00:01:28,520","Question three, sanctuary, described people care animals.",第三題，sanctuary，描述人們照顧動物。,80,minor_issues,第三題，庇護所，描述人們照顧動物。,[medium] terminology: None
Draft 1,L8S2,18,"00:01:28,860 --> 00:01:32,160","Question four, Kate, volunteering, sanctuary.",Question four，Kate，volunteering，sanctuary。,70,minor_issues,Question four，Kate，志願服務，庇護所。,[medium] terminology: None; [medium] terminology: None
Draft 1,L8S2,19,"00:01:32,680 --> 00:01:37,340","Question five, volunteers, look for, signs, check, animals.",第五題，volunteers，look for，signs，check，animals。,70,minor_issues,第五題，志工，尋找，標誌，檢查，動物。,[medium] terminology: None; [low] style: None; [low] style: None; [low] style: None; [low] style: None; [low] style: None
Draft 1,L8S2,20,"00:01:37,760 --> 00:01:41,840","Question six, volunteers, create, animals, play.",第六題，volunteers，create，animals，play。,100,ok,,
Draft 1,L8S2,21,"00:01:42,120 --> 00:01:49,580","Question seven, next, meeting, held, Delaware Street and 2 p.m. After",第七題，next，meeting，held，Delaware Stree,30,needs_revision,第七題，下一題，會議，舉行，特拉華街,[high] placeholder: None; [low] style: None; [low] style: None; [low] style: None; [low] style: None; [low] style: None
Draft 1,L8S2,22,"00:01:49,580 --> 00:01:54,520","underlining keywords, we'll move on to step four, predict the answer.",t and 2 p.m. 在劃出關鍵字後，我們將進入第四步，預測答案。,35,needs_revision,,[medium] terminology: None; [high] meaning_drift: None
Draft 1,L8S2,23,"00:01:55,040 --> 00:02:00,080",This is an extremely important step that many candidates often miss out on.,這是一項極其重要的步驟，許多考生往往會忽略。,100,ok,,
Draft 1,L8S2,24,"00:02:00,280 --> 00:02:05,360","By making predictions, we can identify and check the correct answers more easily.",透過進行預測，我們可以更容易地找出並驗證正確答案。,80,minor_issues,,[medium] terminology: None
Draft 1,L8S2,25,"00:02:05,720 --> 00:02:09,539",We need to predict which part of speech each gap needs.,我們需要預測每個空格所需的詞性。,100,ok,,
Draft 1,L8S2,26,"00:02:09,919 --> 00:02:11,600",Let's take a look at the question.,我們來看看這道題目。,100,ok,,
Draft 1,L8S2,27,"00:02:12,280 --> 00:02:13,940","Question one, here.",第一題，這裡。,100,ok,,
Draft 1,L8S2,28,"00:02:14,420 --> 00:02:19,260","The word that needs filling in follows the article an, which means",需要填入的字詞位於不定冠詞 an 之後，這表示,87,minor_issues,,[low] style: None
Draft 1,L8S2,29,"00:02:19,260 --> 00:02:22,180",the next word must start with a vowel sound.,下一個字詞必須以母音發音開始。,100,ok,,
Draft 1,L8S2,30,"00:02:22,760 --> 00:02:30,440","It is describing what Betty is, so it must be a singular noun referring to a type of place or organization.",這是描述 Betty 是什麼，因此它必須是一個指稱某類場所或組織的單數名詞。,80,minor_issues,,[medium] terminology: None
Draft 1,L8S2,31,"00:02:31,180 --> 00:02:38,860","Based on the context of animal care, we are likely looking for a word like institution or organization.",根據動物照護的脈絡，我們很可能是在尋找像 institution 或 organization 這樣的詞。,100,ok,,
Draft 1,L8S2,32,"00:02:39,720 --> 00:02:47,540","Question two, in this sentence, the sanctuary assisted a specific subject in returning to its habitat.",第二題，在此句中，sanctuary 協助特定的 subject 返回其 habitat。,70,minor_issues,第二題，在此句中，庇護所 協助特定的 subject 返回其 habitat。,[medium] terminology: None; [medium] terminology: None; [medium] terminology: None
Draft 1,L8S2,33,"00:02:48,300 --> 00:02:53,420","The word follows the article a, so it must be a singular countable noun.",這個詞跟在冠詞 a 後面，因此它必須是一個單數可數名詞。,80,minor_issues,,[medium] terminology: None
Draft 1,L8S2,34,"00:02:54,180 --> 00:03:03,020","Since the sanctuary cares for animals, we should listen for a specific species, such as a seal, fox, or penguin.",由於 sanctuary 照顧動物，我們應該聆聽特定的 species，例如 seal、fox 或 penguin。,70,minor_issues,由於 庇護所 照顧動物，我們應該聆聽特定的 物種，例如 海豹、狐狸 或 企鵝。,[medium] terminology: None; [medium] terminology: None; [medium] terminology: None; [low] terminology: None; [low] terminology: None; [low] terminology: None; [low] terminology: None; [low] terminology: None
Draft 1,L8S2,35,"00:03:03,440 --> 00:03:09,160",Now it's your turn to predict the type of information for each blank from question three to seven.,現在輪到你了，請根據第三題到第七題，預測每個空格所需的資訊類型。,35,needs_revision,現在輪到你了，請根據第三題到第七題，預測每個空格所需的資訊型別。,[high] terminology: None; [medium] terminology: None
Draft 1,L8S2,36,"00:03:10,420 --> 00:03:12,340",Have you got the information needed?,你有取得所需的資訊嗎？,100,ok,,
Draft 1,L8S2,37,"00:03:12,660 --> 00:03:14,320",Let's look at the prediction.,讓我們來看看預測。,100,ok,,
Draft 1,L8S2,38,"00:03:14,960 --> 00:03:18,140","Question three, look at the structure here.",第三題，請看這裡的結構。,100,ok,,
Draft 1,L8S2,39,"00:03:18,520 --> 00:03:24,060",We have the article a followed by a blank and then the preposition of.,這裡有不定冠詞 a，接著是一個空白處，然後是介系詞 of。,87,minor_issues,,[low] style: None
Draft 1,L8S2,40,"00:03:24,920 --> 00:03:31,500","Grammatically, the article a demands a singular countable noun because it is",從語法角度來看，冠詞「a」要求使用單數可數名詞，因為它,45,needs_revision,從文法角度來看，冠詞「a」要求使用單數可數名詞，因為它,[high] terminology: None
Draft 1,L8S2,41,"00:03:31,500 --> 00:03:38,440","followed by of people, we are predicting a collective noun or a noun that defines a group.",接著是關於人名的部分，我們預測這是一個集合名詞，或是用來定義群體的名詞。,45,needs_revision,接著是關於人群的部分，我們預測這是一個集合名詞，或是用來定義群體的名詞。,[high] meaning_drift: None
Draft 1,L8S2,42,"00:03:38,940 --> 00:03:45,440","Listen for words that define a community, such as network, collection, or association.",聆聽定義社群的詞彙，例如 network、collection 或 association。,80,minor_issues,聆聽定義社群的詞彙，例如 network、collection 或 作為sociation。,[medium] terminology: None
Draft 1,L8S2,43,"00:03:46,280 --> 00:03:50,180","Question four, here, grammar gives us a huge clue.",第四題，這裡的 grammar 給了我們一個重要的線索。,87,minor_issues,第四題，這裡 grammar 給了我們一個重要的線索。,[low] style: None
Draft 1,L8S2,44,"00:03:50,800 --> 00:03:55,540",The sentence uses the present perfect continuous has been volunteering.,此句使用了現在完成進行式 has been volunteering。,80,minor_issues,此句使用了現在完成進行式 has been 志願服務。,[medium] terminology: None
Draft 1,L8S2,45,"00:03:56,020 --> 00:04:01,380","When this tense is followed by the preposition for, the grammar rules",當這個時態後面加上介系詞 for 時，語法規則,45,needs_revision,當這個時態後面加上介系詞 for 時，文法規則,[high] terminology: None
Draft 1,L8S2,46,"00:04:01,380 --> 00:04:04,960",dictate that we must provide a duration of time.,表示我們必須提供時間長度。,100,ok,,
Draft 1,L8S2,47,"00:04:05,300 --> 00:04:09,360","Therefore, our prediction is a number plus time noun.",因此，我們的預測是數字加上時間名詞。,45,needs_revision,因此，我們的預測是數位加上時間名詞。,[high] terminology: None
Draft 1,L8S2,48,"00:04:09,900 --> 00:04:14,060",Expect to hear something like six months or two years.,預期會聽到類似六個月或兩年的說法。,100,ok,,
Draft 1,L8S2,49,"00:04:14,620 --> 00:04:20,000","Question five, in this sentence, the blank follows the preposition of.",第五題，在這句話中，空白處位於介系詞 of 之後。,77,minor_issues,,[low] style: None; [medium] terminology: None
Draft 1,L8S2,50,"00:04:20,360 --> 00:04:27,040","In English, the phrase signs of acts as a quantifier for a state or condition.",在英文中，片語 signs 用作表示某種狀態或條件的量化詞。,80,minor_issues,,[medium] terminology: None
Draft 1,L8S2,51,"00:04:27,480 --> 00:04:35,340","This means the missing word must be a noun, likely an uncountable noun, referring to a health or mental state.",這表示缺少的單字必須是名詞，很可能是一個不可數名詞，指稱某種健康或心理狀態。,80,minor_issues,,[medium] terminology: None
Draft 1,L8S2,52,"00:04:35,560 --> 00:04:43,220","In an animal sanctuary context, your brain should be ready for words like stress, illness, or infection.",在動物保護區的脈絡中，你的大腦應該準備好面對像壓力、疾病或感染這樣的詞彙。,80,minor_issues,,[medium] terminology: None
Draft 1,L8S2,53,"00:04:43,940 --> 00:04:47,560","Question six, let's check the verb object relationship.",第六題，讓我們檢查動詞與受詞的關係。,100,ok,,
Draft 1,L8S2,54,"00:04:47,740 --> 00:04:52,280","The verb is create, which needs a direct object, a noun.",動詞是『create』，它需要一個直接受詞，一個名詞,100,ok,,
Draft 1,L8S2,55,"00:04:53,000 --> 00:04:58,040","Notice there is no article, a, an, or the before the blank.",請注意，空白處前沒有不定冠詞 a 或 an，也沒有定冠詞 the。,87,minor_issues,,[low] style: None
Draft 1,L8S2,56,"00:04:58,540 --> 00:05:06,120",This grammatical vacuum suggests the answer is likely a plural noun or an uncountable noun.,這個語法真空狀態暗示答案很可能是複數名詞或不可數名詞。,45,needs_revision,這個文法真空狀態暗示答案很可能是複數名詞或不可數名詞。,[high] terminology: None
Draft 1,L8S2,57,"00:05:06,500 --> 00:05:14,100","Since the animals play with these items, we are listening for plural objects like toys or puzzles.",由於動物會玩這些物品，我們正在尋找複數受詞，例如玩具或拼圖。,80,minor_issues,,[medium] terminology: None
Draft 1,L8S2,58,"00:05:14,560 --> 00:05:20,760","Question seven, finally, look at the preposition at, followed by a street name.",第七題，最後，請看介系詞 at，後接街道名稱。,100,ok,,
Draft 1,L8S2,59,"00:05:21,120 --> 00:05:26,040","In the grammar of English addresses, a specific location on a street",在英文地址的文法中，街道上的特定位置前,87,minor_issues,在英文地址的文法中，街道上的特定位置,[low] style: None
Draft 1,L8S2,60,"00:05:26,040 --> 00:05:29,680",is always preceded by a house or building number.,總是會加上門牌或建築物編號。,87,minor_issues,,[low] style: None
Draft 1,L8S2,61,"00:05:30,080 --> 00:05:33,380","Therefore, we are strictly predicting a number.",因此，我們嚴格預測一個數字。,45,needs_revision,因此，我們嚴格預測一個數位。,[high] terminology: None
Draft 1,L8S2,62,"00:05:33,780 --> 00:05:38,220",Be ready to write down digits or a numeric word as soon,一聽到街道名稱，請立刻準備寫下,35,needs_revision,Be ready to write down digits or a numeric word as soon,[medium] terminology: None; [high] meaning_drift: None
Draft 1,L8S2,63,"00:05:38,220 --> 00:05:40,100",as you hear the street name mentioned.,數字或數字的英文單字。,30,needs_revision,as you hear the street name mentioned,[high] terminology: None; [medium] terminology: None; [high] meaning_drift: None
Draft 1,L8S2,64,"00:05:41,560 --> 00:05:44,800",Let's move on to step five.,接下來進行第五步。,80,minor_issues,,[medium] terminology: None
Draft 1,L8S2,65,"00:05:45,180 --> 00:05:49,500",Listen to the recording and find the words that have the same,聆聽錄音並找出具有相同單字的詞彙,87,minor_issues,聆聽錄音並找出找出相同的詞彙,[low] style: None
Draft 1,L8S2,66,"00:05:49,500 --> 00:05:51,520",meaning or paraphrases.,意義或解釋。,80,minor_issues,,[medium] terminology: None
Draft 1,L8S2,67,"00:05:51,880 --> 00:05:53,520",This step is very important.,這個步驟非常重要。,100,ok,,
Draft 1,L8S2,68,"00:05:54,020 --> 00:05:58,520","During the listening test, we need to find paraphrases or words in",在聽力測驗中，我們需要找出錄音中與題,70,minor_issues,,[medium] terminology: None; [medium] terminology: None; [low] style: None
Draft 1,L8S2,69,"00:05:58,520 --> 00:06:03,400",the recording that have the same meaning with keywords in the question.,目關鍵字意義相同或為其解釋的詞彙或片語。,70,minor_issues,,[medium] terminology: None; [medium] terminology: None; [medium] terminology: None; [low] style: None
Draft 1,L8S2,70,"00:06:04,840 --> 00:06:10,160","And then step six, write down the answer and don't forget to check the spelling.",接著第六步，寫下答案，別忘了檢查拼字。,80,minor_issues,,[medium] terminology: None
Draft 1,L8S2,71,"00:06:10,620 --> 00:06:16,240","Now, let's listen carefully to the recording and write down the answers on your paper.",現在，請仔細聆聽錄音，並將答案寫在紙上。,100,ok,,
Draft 1,L8S2,72,"00:06:17,000 --> 00:06:20,920",Now listen and answer questions one to seven.,現在請聆聽並回答第一至第七題。,80,minor_issues,,[medium] terminology: None
Draft 1,L8S2,73,"00:06:21,680 --> 00:06:23,400","What's that shirt you're wearing, Kate?",Kate，你穿的那件襯衫是什麼？,100,ok,,
Draft 1,L8S2,74,"00:06:23,740 --> 00:06:24,520",Looks pretty nice.,看起來不錯。,100,ok,,
Draft 1,L8S2,75,"00:06:25,000 --> 00:06:25,620","Oh, this?",喔，這個嗎？,100,ok,,
Draft 1,L8S2,76,"00:06:25,820 --> 00:06:28,000",This is from the sanctuary that I'm volunteering at.,這是我志願服務的地方。,80,minor_issues,,[medium] terminology: None
Draft 1,L8S2,77,"00:06:28,240 --> 00:06:29,640",I didn't know that you're volunteering.,我不知道你在做志工。,80,minor_issues,,[medium] terminology: None
Draft 1,L8S2,78,"00:06:30,240 --> 00:06:31,220",Mind if you tell me about it?,方便告訴我詳情嗎？,100,ok,,
Draft 1,L8S2,79,"00:06:31,720 --> 00:06:32,140",Sure.,沒問題。,100,ok,,
Draft 1,L8S2,80,"00:06:32,520 --> 00:06:34,300",Have you ever heard of Betty's Sanctuary?,你聽過「貝蒂庇護所」嗎？,100,ok,,
Draft 1,L8S2,81,"00:06:34,700 --> 00:06:36,900",That's a funny name for a conservation group.,這個保育團體的名字真有趣。,100,ok,,
Draft 1,L8S2,82,"00:06:36,900 --> 00:06:38,440",Is that the name of a founder?,那是某位創辦人的名字嗎？,100,ok,,
Draft 1,L8S2,83,"00:06:39,040 --> 00:06:41,020","No, it's actually named after an animal.",不，它其實是因一種動物而得名。,77,minor_issues,不，它其實是是基於一種動物而得名。,[medium] terminology: None; [low] style: None
Draft 1,L8S2,84,"00:06:41,460 --> 00:06:43,940",Betty was a little fox that was successfully rescued.,Betty 是一隻成功獲救的小狐狸。,100,ok,,
Draft 1,L8S2,85,"00:06:44,420 --> 00:06:45,520","Oh, I see.",喔，我了解了。,45,needs_revision,喔，我瞭解了。,[high] terminology: None
Draft 1,L8S2,86,"00:06:45,860 --> 00:06:46,900",Is it a new sanctuary?,這是新的庇護所嗎？,100,ok,,
Draft 1,L8S2,87,"00:06:47,500 --> 00:06:48,120",Not really.,並沒有那麼嚴重。,45,needs_revision,不是。。,[high] meaning_drift: None
Draft 1,L8S2,88,"00:06:48,260 --> 00:06:49,640",It was founded ten years ago.,該機構成立於十年前。,100,ok,,
Draft 1,L8S2,89,"00:06:49,960 --> 00:06:52,660",So it's a sanctuary to rescue wild foxes?,所以這是用來拯救野生狐狸的庇護所嗎？,80,minor_issues,,[medium] terminology: None
Draft 1,L8S2,90,"00:06:53,080 --> 00:06:59,500","Not really, although it originally started as a place for Betty to recover, now they also rescue all kinds of wild animals.",其實不然，雖然這裡最初是讓 Betty 康復的地方，但現在他們也救助各種野生動物。,70,minor_issues,,[low] style: None; [low] style: None; [medium] terminology: None; [medium] terminology: None; [medium] terminology: None
Draft 1,L8S2,91,"00:07:00,020 --> 00:07:03,180","Last time, we took care of a deer and helped it return to the wild.",上次我們照顧了一隻鹿，並協助它重返野外。,100,ok,,
Draft 1,L8S2,92,"00:07:03,560 --> 00:07:05,780",So it is more than just a normal sanctuary.,所以這不僅僅是一個普通的庇護所。,100,ok,,
Draft 1,L8S2,93,"00:07:06,440 --> 00:07:06,920",Exactly.,沒錯。,100,ok,,
Draft 1,L8S2,94,"00:07:07,320 --> 00:07:10,240",It's a community of people who love animals and want to help.,這是一個熱愛動物並希望提供協助的社群。,100,ok,,
Draft 1,L8S2,95,"00:07:10,500 --> 00:07:16,600","We meet regularly to talk about animal welfare, share rescue stories, and organize volunteer shifts at the sanctuary.",我們會定期聚會，討論動物福利、分享救援故事，並在庇護所安排志工輪值。,87,minor_issues,,[low] style: None
Draft 1,L8S2,96,"00:07:17,160 --> 00:07:17,740",That's awesome.,太棒了。,100,ok,,
Draft 1,L8S2,97,"00:07:18,240 --> 00:07:20,960","Oh yes, I saw your post on social media the other day.",對啊，我前几天在社群媒體上看到你的貼文。,80,minor_issues,,[medium] terminology: None
Draft 1,L8S2,98,"00:07:21,120 --> 00:07:22,180",How did I miss this?,我怎麼會錯過這個？,100,ok,,
Draft 1,L8S2,99,"00:07:22,600 --> 00:07:24,220","Yeah, I love it so much.",是啊，我非常喜歡它。,100,ok,,
Draft 1,L8S2,100,"00:07:24,500 --> 00:07:28,780","I've been volunteering there for five months now, and it's honestly the highlight of my week.",我已經在那裡志願服務五個月了，說實在的，這是我最期待的一週。,45,needs_revision,我已經在那裡志願服務五個月了，說實在的，這是我最讓我開心的時刻。,[high] meaning_drift: None
Draft 1,L8S2,101,"00:07:29,200 --> 00:07:31,920","If I want to join, do I need any special qualifications?",如果我想參加，需要具備什麼特殊資格嗎？,100,ok,,
Draft 1,L8S2,102,"00:07:32,400 --> 00:07:34,540","I mean, I've never worked with animals before.",我是說，我以前從來沒有跟動物工作過。,87,minor_issues,我是說，我以前從來沒有跟動物一起工作。,[low] collocation: None
Draft 1,L8S2,103,"00:07:34,540 --> 00:07:35,620",Not at all.,一點也不。,77,minor_issues,,[low] style: None; [medium] terminology: None
Draft 1,L8S2,104,"00:07:35,800 --> 00:07:38,440",As long as you love animals and are willing to dedicate some,只要您熱愛動物，並願意撥冗協助,35,needs_revision,只要您熱愛動物，並願意付出一些時間或精力,[medium] terminology: None; [high] meaning_drift: None
Draft 1,L8S2,105,"00:07:38,440 --> 00:07:40,320","time to helping those in need, you're welcome.",有需要的人，我們都歡迎。,45,needs_revision,需要幫助的人，我們不勝感激。,[high] meaning_drift: None
Draft 1,L8S2,106,"00:07:40,820 --> 00:07:42,820",So what's a typical day like at the sanctuary?,那麼，庇護所裡典型的一天是怎麼樣的呢？,100,ok,,
Draft 1,L8S2,107,"00:07:43,340 --> 00:07:47,520","Well, we usually start by cleaning their living spaces, preparing food, and",我們通常會先清理牠們的居住空間、準備食物，如果,35,needs_revision,我們通常會先清理牠們的居住空間、準備食物，並且,[medium] terminology: None; [high] meaning_drift: None
Draft 1,L8S2,108,"00:07:47,520 --> 00:07:49,600",sometimes helping with medical treatments if needed.,有需要，有時也會協助醫療照護。,87,minor_issues,,[low] style: None
Draft 1,L8S2,109,"00:07:50,060 --> 00:07:51,440",You mean taking them to hospitals?,你的意思是帶他們去醫院嗎？,100,ok,,
Draft 1,L8S2,110,"00:07:51,960 --> 00:07:55,920","Yes, and check to see if they are eating well or if they show any signs of sickness.",是的，並確認牠們是否吃得健康，或是否出現任何生病的跡象。,70,minor_issues,,[medium] terminology: None; [medium] terminology: None
Draft 1,L8S2,111,"00:07:56,480 --> 00:07:57,000",I see.,我明白了。,100,ok,,
Draft 1,L8S2,112,"00:07:57,500 --> 00:08:00,100",But taking care of wild animals is no joke.,但照顧野生動物可不是鬧著玩的。,100,ok,,
Draft 1,L8S2,113,"00:08:00,580 --> 00:08:02,780",They must get bored if they sit still for too long.,如果他們一直待著不動，一定會覺得無聊。,100,ok,,
Draft 1,L8S2,114,"00:08:02,780 --> 00:08:04,940",Are there any activities to entertain them?,有什麼活動可以讓他們娛樂嗎？,84,minor_issues,有什麼活動可以讓他們消遣嗎？,[low] collocation: None; [low] register: None
Draft 1,L8S2,115,"00:08:05,440 --> 00:08:06,220","Yes, of course.",沒錯，當然。,70,minor_issues,,[low] style: None; [medium] terminology: None; [medium] terminology: None
Draft 1,L8S2,116,"00:08:06,500 --> 00:08:10,200","From time to time, we would make these massive building blocks out of foam for them.",我們偶爾會用泡棉為他們製作這些巨大的建築積木。,87,minor_issues,,[low] style: None
Draft 1,L8S2,117,"00:08:10,600 --> 00:08:15,160","If you join now, you can help me build a foam house for Leonardo, an injured mountain lion.",如果您現在加入，可以幫助我為受傷的山獅 Leonardo 搭建一個泡沫屋。,100,ok,,
Draft 1,L8S2,118,"00:08:15,380 --> 00:08:16,260",That's so cool.,太酷了。,100,ok,,
Draft 1,L8S2,119,"00:08:16,500 --> 00:08:17,060",I'm interested.,我有興趣。,100,ok,,
Draft 1,L8S2,120,"00:08:17,420 --> 00:08:18,220",How do I sign up?,我該如何登入？,45,needs_revision,我該如何註冊？,[high] meaning_drift: None
Draft 1,L8S2,121,"00:08:18,500 --> 00:08:20,780",Just come to our next meeting and ask for an application.,請參加我們的下一次會議並申請表格。,87,minor_issues,請參加我們的下一次會議並索取申請表。,[low] style: None
Draft 1,L8S2,122,"00:08:21,360 --> 00:08:21,940",When is that?,那是什麼時候？,100,ok,,
Draft 1,L8S2,123,"00:08:22,340 --> 00:08:26,020","This Sunday, at 2 p.m., 518 South Delaware Street.",這個星期日，下午兩點，南特拉華街518號。,45,needs_revision,,[high] placeholder: None
Draft 1,L8S2,124,"00:08:26,340 --> 00:08:28,140",Not to be confused with North Delaware.,請勿與北特拉華州混淆。,100,ok,,
Draft 1,L8S2,125,"00:08:28,480 --> 00:08:31,340","There's one conservation group there too, but it's not ours.",那裡也有一個保育團體，但並不是我們的。,87,minor_issues,,[low] style: None
Draft 1,L8S2,126,"00:08:31,340 --> 00:08:32,820","Wait, hold on.",等等，稍等一下。,100,ok,,
Draft 1,L8S2,127,"00:08:33,100 --> 00:08:34,500",I think I've seen it before.,我想我以前看過。,100,ok,,
Draft 1,L8S2,128,"00:08:34,900 --> 00:08:37,220",Is that opposite the big park on 507?,那是在 507 號的大公園對面嗎？,100,ok,,
Draft 1,L8S2,129,"00:08:37,539 --> 00:08:39,860",The facility with yellow gates and a stone lion?,有黃色大門和石獅子的設施？,100,ok,,
Draft 1,L8S2,130,"00:08:40,299 --> 00:08:41,340","Yes, that's the one.",沒錯，就是那個。,100,ok,,
Draft 1,L8S2,131,"00:08:41,720 --> 00:08:42,880",Will I meet you there this weekend?,這個週末我會去那裡見你嗎？,87,minor_issues,,[low] style: None
Draft 1,L8S2,132,"00:08:43,360 --> 00:08:43,840",Of course.,當然。,70,minor_issues,,[low] style: None; [medium] terminology: None; [medium] terminology: None
Draft 1,L8S2,133,"00:08:44,120 --> 00:08:45,280",I'll introduce you to everyone.,我會介紹大家認識。,100,ok,,
Draft 1,L8S2,134,"00:08:45,520 --> 00:08:46,240",You'll fit right in.,你會很快融入這裡。,100,ok,,
Draft 1,L8S2,135,"00:08:46,560 --> 00:08:47,080",Can't wait.,迫不及待。,100,ok,,
Draft 1,L8S2,136,"00:08:47,440 --> 00:08:48,800",Did you get all of them?,都做對了嗎？,80,minor_issues,,[medium] terminology: None
Draft 1,L8S2,137,"00:08:49,060 --> 00:08:50,980",Now let's check the answers together.,現在我們一起來對答案,100,ok,,
Draft 1,L8S2,138,"00:08:51,300 --> 00:08:53,540",Here's the transcript for today's recording.,這是今天錄音的逐字稿。,80,minor_issues,,[medium] terminology: None
Draft 1,L8S2,139,"00:08:53,960 --> 00:08:56,520",Let's listen again and locate the answer.,讓我們再聽一次並找出答案,100,ok,,
Draft 1,L8S2,140,"00:08:58,300 --> 00:09:02,020",Now listen and answer questions 1 to 7.,現在請聆聽並回答第 1 至 7 題。,80,minor_issues,,[medium] terminology: None
Draft 1,L8S2,141,"00:09:02,920 --> 00:09:04,480","What's that shirt you're wearing, Kate?",Kate，你穿的那件襯衫是什麼樣的？,100,ok,,
Draft 1,L8S2,142,"00:09:04,840 --> 00:09:05,600",Looks pretty nice.,看起來不錯。,100,ok,,
Draft 1,L8S2,143,"00:09:06,080 --> 00:09:06,700","Oh, this?",喔，這個嗎？,100,ok,,
Draft 1,L8S2,144,"00:09:06,860 --> 00:09:09,080",This is from the sanctuary that I'm volunteering at.,這是我在志願服務的地方。,80,minor_issues,,[medium] terminology: None
Draft 1,L8S2,145,"00:09:09,360 --> 00:09:10,720",I didn't know that you're volunteering.,我不知道你正在志願服務。,100,ok,,
Draft 1,L8S2,146,"00:09:11,260 --> 00:09:12,300",Mind if you tell me about it?,方便告訴我嗎？,100,ok,,
Draft 1,L8S2,147,"00:09:12,820 --> 00:09:13,220",Sure.,好的。,100,ok,,
Draft 1,L8S2,148,"00:09:13,620 --> 00:09:15,380",Have you ever heard of Betty's Sanctuary?,你聽過「Betty's Sanctuary」嗎？,80,minor_issues,,[medium] terminology: None
Draft 1,L8S2,149,"00:09:15,740 --> 00:09:17,960",That's a funny name for a conservation group.,這個保護團體的名字真有趣。,80,minor_issues,,[medium] terminology: None
Draft 1,L8S2,150,"00:09:18,360 --> 00:09:19,500",Is that the name of a founder?,那是創始人的名字嗎？,80,minor_issues,,[medium] terminology: None
Draft 1,L8S2,151,"00:09:19,940 --> 00:09:22,080","No, it's actually named after an animal.",不，它實際上是以一種動物命名的。,80,minor_issues,,[medium] terminology: None
Draft 1,L8S2,152,"00:09:22,500 --> 00:09:25,040",Betty was a little fox that was successfully rescued.,Betty 是一隻成功獲救的小狐狸。,100,ok,,
Draft 1,L8S2,153,"00:09:25,040 --> 00:09:26,600","Oh, I see.",喔，我明白了。,100,ok,,
Draft 1,L8S2,154,"00:09:27,040 --> 00:09:28,000",Is it a new sanctuary?,這是新的聖地嗎？,80,minor_issues,,[medium] terminology: None
Draft 1,L8S2,155,"00:09:28,740 --> 00:09:29,200",Not really.,並沒有那麼嚴重。,45,needs_revision,不是。。,[high] meaning_drift: None
Draft 1,L8S2,156,"00:09:29,380 --> 00:09:30,740",It was founded 10 years ago.,它成立於 10 年前。,100,ok,,
Draft 1,L8S2,157,"00:09:31,060 --> 00:09:33,740",So it's a sanctuary to rescue wild foxes?,所以這裡是一個拯救野生狐狸的庇護所嗎？,80,minor_issues,,[medium] terminology: None
Draft 1,L8S2,158,"00:09:34,180 --> 00:09:37,740","Not really, although it originally started as a place for Betty to recover.",不太對，雖然它最初是作為 Betty 康復的地方。,87,minor_issues,,[low] style: None
Draft 1,L8S2,159,"00:09:38,160 --> 00:09:40,620",Now they also rescue all kinds of wild animals.,現在他們也拯救各種野生動物。,70,minor_issues,,[low] style: None; [medium] terminology: None; [medium] terminology: None
Draft 1,L8S2,160,"00:09:41,140 --> 00:09:44,260","Last time, we took care of a deer and helped it return to the wild.",上次我們照顧了一隻鹿，並協助它回歸野外。,80,minor_issues,,[medium] terminology: None
Draft 1,L8S2,161,"00:09:44,800 --> 00:09:46,860",So it is more than just a normal sanctuary.,所以這裡不只是一般的庇護所。,100,ok,,
Draft 1,L8S2,162,"00:09:47,620 --> 00:09:48,100",Exactly.,沒錯。,100,ok,,
Draft 1,L8S2,163,"00:09:48,380 --> 00:09:51,300",It's a community of people who love animals and want to help.,這是一個由熱愛動物並願意提供協助的人們所組成的社群。,100,ok,,
Draft 1,L8S2,164,"00:09:51,300 --> 00:09:57,740","We meet regularly to talk about animal welfare, share rescue stories, and organize volunteer shifts at the sanctuary.",我們會定期聚會，討論動物福利、分享救援故事，並安排庇護所的志工排班。,77,minor_issues,,[low] style: None; [medium] terminology: None
Draft 1,L8S2,165,"00:09:58,300 --> 00:09:58,840",That's awesome.,太棒了。,100,ok,,
Draft 1,L8S2,166,"00:09:59,360 --> 00:10:02,040","Oh yes, I saw your post on social media the other day.",沒錯，我前幾天看到你在社群媒體上的貼文。,80,minor_issues,,[medium] terminology: None
Draft 1,L8S2,167,"00:10:02,180 --> 00:10:03,280",How did I miss this?,我怎麼會錯過這個？,100,ok,,
Draft 1,L8S2,168,"00:10:03,660 --> 00:10:05,300","Yeah, I love it so much.",對，我超愛它的。,100,ok,,
Draft 1,L8S2,169,"00:10:05,580 --> 00:10:09,880","I've been volunteering there for five months now, and it's honestly the highlight of my week.",我已經在那裡志願服務五個月了，坦白說，這是我每週最期待的事。,100,ok,,
Draft 1,L8S2,170,"00:10:10,300 --> 00:10:13,000","If I want to join, do I need any special qualifications?",如果我想參加，需要具備什麼特殊資格嗎？,100,ok,,
Draft 1,L8S2,171,"00:10:13,500 --> 00:10:15,620","I mean, I've never worked with animals before.",我的意思是，我從來沒有跟動物工作過的經驗。,87,minor_issues,我的意思是，我從來沒有和動物共事過。,[low] collocation: None
Draft 1,L8S2,172,"00:10:15,620 --> 00:10:16,700",Not at all.,完全沒有。,80,minor_issues,,[medium] terminology: None
Draft 1,L8S2,173,"00:10:16,880 --> 00:10:19,520",As long as you love animals and are willing to dedicate some,只要您熱愛動物，並願意撥冗協助需要,32,needs_revision,只要您熱愛動物，並願意投入時間協助動物,[medium] terminology: None; [high] meaning_drift: None; [low] register: None
Draft 1,L8S2,174,"00:10:19,520 --> 00:10:21,400","time to helping those in need, you're welcome.",幫助的人，我們都歡迎您。,45,needs_revision,有需要的人，我們都歡迎您。,[high] meaning_drift: None
Draft 1,L8S2,175,"00:10:21,900 --> 00:10:23,920",So what's a typical day like at the sanctuary?,那麼在庇護所裡，典型的一天是怎麼樣的呢？,100,ok,,
Draft 1,L8S2,176,"00:10:24,420 --> 00:10:28,600","Well, we usually start by cleaning their living spaces, preparing food, and",我們通常會先清理牠們的居住空間、準備食物,77,minor_issues,我們通常會先清理牠們的生活空間、準備食物,[medium] terminology: None; [low] collocation: None
Draft 1,L8S2,177,"00:10:28,600 --> 00:10:30,680",sometimes helping with medical treatments if needed.,，若有需要則協助醫療照護。,100,ok,,
Draft 1,L8S2,178,"00:10:31,140 --> 00:10:32,520",You mean taking them to hospitals?,你的意思是帶他們去醫院？,100,ok,,
Draft 1,L8S2,179,"00:10:33,040 --> 00:10:36,980","Yes, and check to see if they are eating well or if they show any signs of sickness.",是的，並檢查他們是否飲食正常，或是否出現任何生病跡象。,100,ok,,
Draft 1,L8S2,180,"00:10:37,560 --> 00:10:38,080",I see.,我明白了。,100,ok,,
Draft 1,L8S2,181,"00:10:38,580 --> 00:10:41,180",But taking care of wild animals is no joke.,但照顧野生動物可不是鬧著玩的。,100,ok,,
Draft 1,L8S2,182,"00:10:41,660 --> 00:10:43,860",They must get bored if they sit still for too long.,如果他們待著不動太久，一定會感到無聊。,100,ok,,
Draft 1,L8S2,183,"00:10:43,860 --> 00:10:46,020",Are there any activities to entertain them?,有什麼活動可以讓他們娛樂嗎？,84,minor_issues,有什麼活動可以讓他們消遣嗎？,[low] collocation: None; [low] register: None
Draft 1,L8S2,184,"00:10:46,520 --> 00:10:47,300","Yes, of course.",是的，當然。,70,minor_issues,,[low] style: None; [medium] terminology: None; [medium] terminology: None
Draft 1,L8S2,185,"00:10:47,600 --> 00:10:51,280","From time to time, we would make these massive building blocks out of foam for them.",我們偶爾會為他們用泡棉製作這些巨大的積木。,87,minor_issues,,[low] style: None
Draft 1,L8S2,186,"00:10:51,680 --> 00:10:56,240","If you join now, you can help me build a foam house for Leonardo, an injured mountain lion.",如果你現在加入，可以幫我為萊奧納多蓋一間泡沫屋，它是一隻受傷的山獅。,81,minor_issues,如果你現在加入，可以幫我為萊奧納多蓋一間泡沫房子，這是一隻受傷的山獅。,[low] style: None; [low] grammar: None; [low] collocation: None
Draft 1,L8S2,187,"00:10:56,460 --> 00:10:57,340",That's so cool.,太酷了。,100,ok,,
Draft 1,L8S2,188,"00:10:57,580 --> 00:10:58,140",I'm interested.,我有興趣。,100,ok,,
Draft 1,L8S2,189,"00:10:58,500 --> 00:10:59,300",How do I sign up?,如何登入？,45,needs_revision,如何註冊？,[high] meaning_drift: None
Draft 1,L8S2,190,"00:10:59,580 --> 00:11:01,860",Just come to our next meeting and ask for an application.,請參加我們下一次的課程並申請入學。,30,needs_revision,請參加我們下一次的會議並申請。,[high] meaning_drift: None; [high] meaning_drift: None
Draft 1,L8S2,191,"00:11:02,440 --> 00:11:03,020",When is that?,那是什麼時候？,100,ok,,
Draft 1,L8S2,192,"00:11:03,420 --> 00:11:07,100","This Sunday at 2 p.m., 518 South Delaware Street.",這個星期日午後兩點，南特拉華街 518 號。,45,needs_revision,,[high] placeholder: None
Draft 1,L8S2,193,"00:11:07,420 --> 00:11:09,240",Not to be confused with North Delaware.,勿與北特拉華州混淆。,100,ok,,
Draft 1,L8S2,194,"00:11:09,580 --> 00:11:12,440","There's one conservation group there too, but it's not ours.",那裡也有另一個保育團體，但我們不是那裡的。,42,needs_revision,那裡也有另一個保育團體，但我們不是他們的。,[low] style: None; [high] meaning_drift: None
Draft 1,L8S2,195,"00:11:12,440 --> 00:11:13,900","Wait, hold on.",等等，先別急。,100,ok,,
Draft 1,L8S2,196,"00:11:14,140 --> 00:11:15,600",I think I've seen it before.,我覺得我以前看過。,100,ok,,
Draft 1,L8S2,197,"00:11:15,920 --> 00:11:18,300",Is that opposite the big park on 507?,那是在 507 號的大公園對面嗎？,100,ok,,
Draft 1,L8S2,198,"00:11:18,620 --> 00:11:20,940",The facility with yellow gates and a stone lion?,有黃色大門和石獅子的那個地方？,100,ok,,
Draft 1,L8S2,199,"00:11:21,380 --> 00:11:22,440","Yes, that's the one.",對，就是那個。,100,ok,,
Draft 1,L8S2,200,"00:11:22,800 --> 00:11:23,980",Will I meet you there this weekend?,這個週末我會在那裡見到你嗎？,100,ok,,
Draft 1,L8S2,201,"00:11:24,420 --> 00:11:24,920",Of course.,當然。,70,minor_issues,,[low] style: None; [medium] terminology: None; [medium] terminology: None
Draft 1,L8S2,202,"00:11:25,200 --> 00:11:26,360",I'll introduce you to everyone.,我會把你介紹給所有人認識。,100,ok,,
Draft 1,L8S2,203,"00:11:26,580 --> 00:11:27,320",You'll fit right in.,你會很快融入的。,100,ok,,
Draft 1,L8S2,204,"00:11:27,600 --> 00:11:29,260",Question 1.,第 1 題。,100,ok,,
Draft 1,L8S2,205,"00:11:29,560 --> 00:11:33,920","The narrator asks if Betty is the name of a founder, but",講者詢問 Betty 是否是某位創辦人的名字，但,87,minor_issues,,[low] style: None
Draft 1,L8S2,206,"00:11:33,920 --> 00:11:38,060",the speaker clarifies it is actually named after an animal.,講者澄清實際上是以一種動物命名,77,minor_issues,,[low] style: None; [medium] terminology: None
Draft 1,L8S2,207,"00:11:38,060 --> 00:11:43,380","In the recording, the keyword name is maintained, but the speaker provides",在錄音中，關鍵字『name』雖然被保留，但講,32,needs_revision,在錄音中，關鍵字名稱維持不變，但講者提供了,[low] style: None; [medium] terminology: None; [high] meaning_drift: None
Draft 1,L8S2,208,"00:11:43,380 --> 00:11:52,320",the specific example of a little fox to reinforce that the sanctuary is named after a creature rather than a person.,者提供了「小狐狸」這個具體例子，以強調該收容所是以動物而非人物命名,30,needs_revision,舉「小狐狸」為例，強調該庇護所是以動物而非人物命名,[low] style: None; [medium] terminology: None; [medium] terminology: None; [medium] terminology: None; [high] meaning_drift: None
Draft 1,L8S2,209,"00:11:52,600 --> 00:12:02,020","Question 2. The prompt mentions the sanctuary assisted, which is paraphrased in the audio as took care of a deer.",第二題。題目提到『sanctuary assisted』，在音檔中被轉述為『took care of a deer』。,30,needs_revision,第二題。題目提到『庇護所 assisted』，在音檔中被轉述為『took care of a deer』。,[medium] terminology: None; [medium] terminology: None; [medium] terminology: None; [medium] terminology: None; [high] placeholder: None
Draft 1,L8S2,210,"00:12:02,020 --> 00:12:08,680",The phrase returning to its natural habitat is also successfully paraphrased by,「回到自然棲息地」這句也成功被改寫為,70,minor_issues,,[low] style: None; [low] style: None; [medium] terminology: None; [medium] terminology: None
Draft 1,L8S2,211,"00:12:08,680 --> 00:12:12,640",the speaker as helped it return to the wild.,說話者協助牠重返野外。,70,minor_issues,,[low] style: None; [medium] terminology: None; [medium] terminology: None
Draft 1,L8S2,212,"00:12:13,220 --> 00:12:13,860",Question 3.,第 3 題。,100,ok,,
Draft 1,L8S2,213,"00:12:14,180 --> 00:12:18,860","The sentence describes the sanctuary as a group of people, which the",這句話將庇護所描述為一群人，錄音,35,needs_revision,這句話將庇護所描述為一群人，which the,[medium] terminology: None; [high] meaning_drift: None
Draft 1,L8S2,214,"00:12:18,860 --> 00:12:24,520",recording paraphrases using the term community of people who love animals.,中則用「熱愛動物的社區」來進行改寫。,30,needs_revision,中則用「熱愛動物的社群」來進行改寫。,[high] terminology: None; [medium] terminology: None; [medium] terminology: None; [low] terminology: None
Draft 1,L8S2,215,"00:12:24,520 --> 00:12:30,460",The speaker uses the phrase more than just a normal sanctuary to,講者使用了「不僅僅是普通的庇護所」這個說法來,77,minor_issues,,[low] style: None; [medium] terminology: None
Draft 1,L8S2,216,"00:12:30,460 --> 00:12:35,420",signal that a broader definition of the organization is about to be given.,表示即將提供該組織更廣泛的定義。,100,ok,,
Draft 1,L8S2,217,"00:12:36,100 --> 00:12:36,820",Question 4.,第 4 題。,100,ok,,
Draft 1,L8S2,218,"00:12:37,160 --> 00:12:46,260","The keyword volunteering is used in both the prompt and the recording, making the answer easier to locate.",關鍵字「volunteering」在題目與錄音中皆有出現，便於定位答案。,80,minor_issues,關鍵字「志願服務」在題目與錄音中皆有出現，便於定位答案。,[medium] terminology: None
Draft 1,L8S2,219,"00:12:46,260 --> 00:12:51,880",The speaker uses the present perfect continuous tense I've been volunteering,講者使用現在完成式「I've been volunteering there for to,30,needs_revision,講者使用現在完成進行式「I've been 志願服務 there for to,[low] style: None; [medium] terminology: None; [medium] terminology: None; [low] terminology: None; [high] meaning_drift: None; [low] typo: None
Draft 1,L8S2,220,"00:12:51,880 --> 00:13:01,160","there for to introduce the five months duration, which directly matches our grammatical prediction for a time period.",introduce the five months duration」來引出五個月的持續時間，這與我們對於時間段位的文法預測直接吻合。,42,needs_revision,來介紹五個月的持續時間，這與我們對於時間段的文法預測直接吻合。,[high] meaning_drift: None; [low] terminology: None
Draft 1,L8S2,221,"00:13:01,760 --> 00:13:02,880",Question 5.,第 5 題。,100,ok,,
Draft 1,L8S2,222,"00:13:03,540 --> 00:13:08,340","While the prompt uses the phrase look for signs of, the speaker",題目使用了「look for signs of」這個片語，但講者將其意譯為「check to,32,needs_revision,雖然提示使用了「look for signs of」這個片語，但講者,[low] style: None; [medium] terminology: None; [high] meaning_drift: None
Draft 1,L8S2,223,"00:13:08,340 --> 00:13:14,140",paraphrases this as check to see if they show any signs of sickness.,see if they show any signs of sickness」以確認是否有生病跡象。,30,needs_revision,確認他們是否有任何生病跡象,[medium] terminology: None; [medium] terminology: None; [high] meaning_drift: None
Draft 1,L8S2,224,"00:13:14,140 --> 00:13:20,160",Students should notice that the speaker also mentions medical treatments and,學生應留意，講者亦提及醫療照護與均衡飲食,42,needs_revision,學生應留意，講者亦提及醫療治療以及,[low] style: None; [high] meaning_drift: None
Draft 1,L8S2,225,"00:13:20,160 --> 00:13:25,520",eating well as contextual clues leading up to the health related answer.,，這些都是導向健康相關答案的脈絡線索。,35,needs_revision,作為健康相關答案的脈絡線索，良好的飲食習慣。,[medium] terminology: None; [high] meaning_drift: None
Draft 1,L8S2,226,"00:13:26,320 --> 00:13:27,300",Question 6.,第 6 題。,100,ok,,
Draft 1,L8S2,227,"00:13:27,780 --> 00:13:32,760","The prompt mentions create for the animals to play with, which is",題目提到為動物創造玩耍的事物，這在,39,needs_revision,提示提到為動物放置玩具，這在,[high] meaning_drift: None; [low] collocation: None; [low] style: None
Draft 1,L8S2,228,"00:13:32,760 --> 00:13:38,260",reflected in the transcript as make these massive building blocks for them.,逐字稿中反映為為它們製作這些大型積木。,32,needs_revision,,[medium] terminology: None; [high] meaning_drift: None; [low] collocation: None
Draft 1,L8S2,229,"00:13:38,260 --> 00:13:47,500",The speaker also provides a specific example of the animals entertainment by mentioning building a foam house for a lion.,講者還透過提及為獅子搭建一座泡沫屋，提供了關於動物娛樂的一個具體範例。,87,minor_issues,,[low] style: None
Draft 1,L8S2,230,"00:13:48,340 --> 00:13:49,020",Question 7.,第 7 題。,100,ok,,
Draft 1,L8S2,231,"00:13:49,660 --> 00:13:55,660","To identify the address, you must listen for the house number and the specific direction.",要確認地址，您必須聆聽門牌號碼以及具體的方向。,80,minor_issues,,[medium] terminology: None
Draft 1,L8S2,232,"00:13:55,660 --> 00:14:03,400",The speaker says 518 South Delaware Street and explicitly warns not to,講者提到地址是南特拉華街（South Delaware Street），並明確,30,needs_revision,講者提到地址是南特拉華街（South Delaware Street），並明確警告不要,[low] style: None; [high] placeholder: None; [high] meaning_drift: None
Draft 1,L8S2,233,"00:14:03,400 --> 00:14:11,500","be confused with North Delaware, which is a common IELTS distractor designed to test your attention to detail.",警告不要與北特拉華（North Delaware）混淆，這是 IELTS 測驗中常見的干擾選項，旨在測驗您的細節觀察力。,80,minor_issues,警告不要與北特拉華（北特拉華州）混淆，這是 IELTS 測驗中常見的干擾選項，旨在測驗您的細節觀察力。,[medium] terminology: None
Draft 1,L8S2,234,"00:14:12,480 --> 00:14:13,120",Yay!,太棒了！,100,ok,,
Draft 1,L8S2,235,"00:14:13,660 --> 00:14:18,300",We finally grasped how to handle all four question types of completion questions.,我們終於掌握了如何處理完成題的所有四種題型。,80,minor_issues,,[medium] terminology: None
Draft 1,L8S2,236,"00:14:18,860 --> 00:14:20,840",Let's review what we've learned today.,讓我們複習今天所學的內容。,100,ok,,
Draft 1,L8S2,237,"00:14:26,380 --> 00:14:27,800",That's it for today's lesson.,今天的課程到這裡結束。,80,minor_issues,,[medium] terminology: None
Draft 1,L8S2,238,"00:14:28,260 --> 00:14:32,280",Don't forget to do the exercises and practice what you've learned regularly.,別忘了完成練習，並定期複習所學內容。,80,minor_issues,,[medium] terminology: None
Draft 1,L8S2,239,"00:14:32,680 --> 00:14:34,680",Goodbye and see you in the next lesson.,再見，下一堂課見。,100,ok,,
